1.20247	1.20247	1.20247	1.2024	1.2024	1.2024	2018.01.02 00:00:00
1.2062	1.2062	1.2062	1.2061	1.2061	1.2061	2018.01.03 00:00:00
1.20111	1.20111	1.20111	1.20098	1.20098	1.20098	2018.01.04 00:00:00
1.20667	1.20667	1.20667	1.20657	1.20657	1.20657	2018.01.05 00:00:00
1.20373	1.20373	1.20373	1.20365	1.20365	1.20365	2018.01.08 00:00:00
1.19713	1.19713	1.19713	1.19689	1.19689	1.19689	2018.01.09 00:00:00
1.19287	1.19287	1.19287	1.19279	1.19279	1.19279	2018.01.10 00:00:00
1.19562	1.19562	1.19562	1.19551	1.19551	1.19551	2018.01.11 00:00:00
1.2043	1.2043	1.2043	1.20413	1.20413	1.20413	2018.01.12 00:00:00
1.21925	1.21925	1.21925	1.21916	1.21916	1.21916	2018.01.15 00:00:00
1.22671	1.22671	1.22671	1.22647	1.22647	1.22647	2018.01.16 00:00:00
1.22713	1.22713	1.22713	1.227	1.227	1.227	2018.01.17 00:00:00
1.21812	1.21812	1.21812	1.21798	1.21798	1.21798	2018.01.18 00:00:00
1.22348	1.22348	1.22348	1.22337	1.22337	1.22337	2018.01.19 00:00:00
1.22723	1.22723	1.22723	1.22701	1.22701	1.22701	2018.01.21 00:00:00
1.22563	1.22563	1.22563	1.22555	1.22555	1.22555	2018.01.22 00:00:00
1.22568	1.22568	1.22568	1.22559	1.22559	1.22559	2018.01.23 00:00:00
1.2309	1.2309	1.2309	1.23081	1.23081	1.23081	2018.01.24 00:00:00
1.23933	1.23933	1.23933	1.23918	1.23918	1.23918	2018.01.25 00:00:00
1.2392	1.2392	1.2392	1.23908	1.23908	1.23908	2018.01.26 00:00:00
1.24334	1.24334	1.24334	1.24257	1.24257	1.24257	2018.01.28 00:00:00
1.24317	1.24317	1.24317	1.24307	1.24307	1.24307	2018.01.29 00:00:00
1.23813	1.23813	1.23813	1.23805	1.23805	1.23805	2018.01.30 00:00:00
1.24089	1.24089	1.24089	1.24079	1.24079	1.24079	2018.01.31 00:00:00
1.24924	1.24924	1.24924	1.24913	1.24913	1.24913	2018.02.02 00:00:00
1.24353	1.24353	1.24353	1.24316	1.24316	1.24316	2018.02.04 00:00:00
1.24467	1.24467	1.24467	1.24459	1.24459	1.24459	2018.02.05 00:00:00
1.23667	1.23667	1.23667	1.23658	1.23658	1.23658	2018.02.06 00:00:00
1.23809	1.23809	1.23809	1.238	1.238	1.238	2018.02.07 00:00:00
1.22704	1.22704	1.22704	1.22695	1.22695	1.22695	2018.02.08 00:00:00
1.22612	1.22612	1.22612	1.22602	1.22602	1.22602	2018.02.09 00:00:00
1.22485	1.22485	1.22485	1.22443	1.22443	1.22443	2018.02.11 00:00:00
1.22527	1.22527	1.22527	1.22517	1.22517	1.22517	2018.02.12 00:00:00
1.23008	1.23008	1.23008	1.23	1.23	1.23	2018.02.13 00:00:00
1.23541	1.23541	1.23541	1.23532	1.23532	1.23532	2018.02.14 00:00:00
1.24687	1.24687	1.24687	1.24677	1.24677	1.24677	2018.02.15 00:00:00
1.25032	1.25032	1.25032	1.25023	1.25023	1.25023	2018.02.16 00:00:00
1.24036	1.24036	1.24036	1.23986	1.23986	1.23986	2018.02.18 00:00:00
1.24122	1.24122	1.24122	1.24112	1.24112	1.24112	2018.02.19 00:00:00
1.24005	1.24005	1.24005	1.23995	1.23995	1.23995	2018.02.20 00:00:00
1.23359	1.23359	1.23359	1.23349	1.23349	1.23349	2018.02.21 00:00:00
1.22811	1.22811	1.22811	1.22801	1.22801	1.22801	2018.02.22 00:00:00
1.23259	1.23259	1.23259	1.23251	1.23251	1.23251	2018.02.23 00:00:00
1.2293	1.2293	1.2293	1.22876	1.22876	1.22876	2018.02.25 00:00:00
1.2289	1.2289	1.2289	1.22879	1.22879	1.22879	2018.02.26 00:00:00
1.23155	1.23155	1.23155	1.23146	1.23146	1.23146	2018.02.27 00:00:00
1.22262	1.22262	1.22262	1.22253	1.22253	1.22253	2018.02.28 00:00:00
1.2192	1.2192	1.2192	1.21911	1.21911	1.21911	2018.03.01 00:00:00
1.22713	1.22713	1.22713	1.22705	1.22705	1.22705	2018.03.02 00:00:00
1.2357	1.2357	1.2357	1.23539	1.23539	1.23539	2018.03.04 00:00:00
1.23183	1.23183	1.23183	1.23173	1.23173	1.23173	2018.03.05 00:00:00
1.23369	1.23369	1.23369	1.23359	1.23359	1.23359	2018.03.06 00:00:00
1.24161	1.24161	1.24161	1.24152	1.24152	1.24152	2018.03.07 00:00:00
1.24131	1.24131	1.24131	1.24118	1.24118	1.24118	2018.03.08 00:00:00
1.2307	1.2307	1.2307	1.23063	1.23063	1.23063	2018.03.09 00:00:00
1.23163	1.23163	1.23163	1.23095	1.23095	1.23095	2018.03.11 00:00:00
1.23087	1.23087	1.23087	1.23079	1.23079	1.23079	2018.03.12 00:00:00
1.23388	1.23388	1.23388	1.23378	1.23378	1.23378	2018.03.13 00:00:00
1.23934	1.23934	1.23934	1.23925	1.23925	1.23925	2018.03.14 00:00:00
1.23749	1.23749	1.23749	1.23741	1.23741	1.23741	2018.03.15 00:00:00
1.23064	1.23064	1.23064	1.23058	1.23058	1.23058	2018.03.16 00:00:00
1.22836	1.22836	1.22836	1.22793	1.22793	1.22793	2018.03.18 00:00:00
1.22809	1.22809	1.22809	1.22802	1.22802	1.22802	2018.03.19 00:00:00
1.2337	1.2337	1.2337	1.23362	1.23362	1.23362	2018.03.20 00:00:00
1.22485	1.22485	1.22485	1.22477	1.22477	1.22477	2018.03.21 00:00:00
1.23466	1.23466	1.23466	1.23459	1.23459	1.23459	2018.03.22 00:00:00
1.23243	1.23243	1.23243	1.23236	1.23236	1.23236	2018.03.23 00:00:00
1.23538	1.23538	1.23538	1.23488	1.23488	1.23488	2018.03.25 00:00:00
1.23547	1.23547	1.23547	1.23537	1.23537	1.23537	2018.03.26 00:00:00
1.24576	1.24576	1.24576	1.24568	1.24568	1.24568	2018.03.27 00:00:00
1.24088	1.24088	1.24088	1.24082	1.24082	1.24082	2018.03.28 00:00:00
1.23126	1.23126	1.23126	1.23119	1.23119	1.23119	2018.03.29 00:00:00
1.23029	1.23029	1.23029	1.23014	1.23014	1.23014	2018.03.30 00:00:00
1.23248	1.23248	1.23248	1.23188	1.23188	1.23188	2018.04.01 00:00:00
1.23129	1.23129	1.23129	1.23121	1.23121	1.23121	2018.04.02 00:00:00
1.22934	1.22934	1.22934	1.22926	1.22926	1.22926	2018.04.03 00:00:00
1.22785	1.22785	1.22785	1.22777	1.22777	1.22777	2018.04.04 00:00:00
1.22876	1.22876	1.22876	1.22867	1.22867	1.22867	2018.04.05 00:00:00
1.22489	1.22489	1.22489	1.22483	1.22483	1.22483	2018.04.06 00:00:00
1.22869	1.22869	1.22869	1.22825	1.22825	1.22825	2018.04.08 00:00:00
1.22711	1.22711	1.22711	1.22704	1.22704	1.22704	2018.04.09 00:00:00
1.23209	1.23209	1.23209	1.23202	1.23202	1.23202	2018.04.10 00:00:00
1.23631	1.23631	1.23631	1.23624	1.23624	1.23624	2018.04.11 00:00:00
1.23721	1.23721	1.23721	1.23714	1.23714	1.23714	2018.04.12 00:00:00
1.23295	1.23295	1.23295	1.23288	1.23288	1.23288	2018.04.13 00:00:00
1.23363	1.23363	1.23363	1.23286	1.23286	1.23286	2018.04.15 00:00:00
1.2332	1.2332	1.2332	1.23312	1.23312	1.23312	2018.04.16 00:00:00
1.23841	1.23841	1.23841	1.23832	1.23832	1.23832	2018.04.17 00:00:00
1.23729	1.23729	1.23729	1.23722	1.23722	1.23722	2018.04.18 00:00:00
1.23789	1.23789	1.23789	1.23782	1.23782	1.23782	2018.04.19 00:00:00
1.23436	1.23436	1.23436	1.23427	1.23427	1.23427	2018.04.20 00:00:00
1.22773	1.22773	1.22773	1.22696	1.22696	1.22696	2018.04.22 00:00:00
1.22742	1.22742	1.22742	1.22735	1.22735	1.22735	2018.04.23 00:00:00
1.22098	1.22098	1.22098	1.2209	1.2209	1.2209	2018.04.24 00:00:00
1.22379	1.22379	1.22379	1.22365	1.22365	1.22365	2018.04.25 00:00:00
1.21707	1.21707	1.21707	1.21695	1.21695	1.21695	2018.04.26 00:00:00
1.21087	1.21087	1.21087	1.21078	1.21078	1.21078	2018.04.27 00:00:00
1.21249	1.21249	1.21249	1.21215	1.21215	1.21215	2018.04.29 00:00:00
1.21229	1.21229	1.21229	1.2122	1.2122	1.2122	2018.04.30 00:00:00
1.20821	1.20821	1.20821	1.20809	1.20809	1.20809	2018.05.01 00:00:00
1.19912	1.19912	1.19912	1.19903	1.19903	1.19903	2018.05.02 00:00:00
1.19507	1.19507	1.19507	1.19494	1.19494	1.19494	2018.05.03 00:00:00
1.19892	1.19892	1.19892	1.19879	1.19879	1.19879	2018.05.04 00:00:00
1.1963	1.1963	1.1963	1.19557	1.19557	1.19557	2018.05.06 00:00:00
1.19554	1.19554	1.19554	1.19539	1.19539	1.19539	2018.05.07 00:00:00
1.19337	1.19337	1.19337	1.19324	1.19324	1.19324	2018.05.08 00:00:00
1.18678	1.18678	1.18678	1.18668	1.18668	1.18668	2018.05.09 00:00:00
1.18471	1.18471	1.18471	1.18463	1.18463	1.18463	2018.05.10 00:00:00
1.19143	1.19143	1.19143	1.19133	1.19133	1.19133	2018.05.11 00:00:00
1.19464	1.19464	1.19464	1.19384	1.19384	1.19384	2018.05.13 00:00:00
1.19532	1.19532	1.19532	1.19517	1.19517	1.19517	2018.05.14 00:00:00
1.19316	1.19316	1.19316	1.19306	1.19306	1.19306	2018.05.15 00:00:00
1.18209	1.18209	1.18209	1.18197	1.18197	1.18197	2018.05.16 00:00:00
1.18154	1.18154	1.18154	1.18139	1.18139	1.18139	2018.05.17 00:00:00
1.17909	1.17909	1.17909	1.17897	1.17897	1.17897	2018.05.18 00:00:00
1.17765	1.17765	1.17765	1.17685	1.17685	1.17685	2018.05.20 00:00:00
1.17659	1.17659	1.17659	1.17647	1.17647	1.17647	2018.05.21 00:00:00
1.17905	1.17905	1.17905	1.17891	1.17891	1.17891	2018.05.22 00:00:00
1.17892	1.17892	1.17892	1.17871	1.17871	1.17871	2018.05.23 00:00:00
1.17099	1.17099	1.17099	1.17088	1.17088	1.17088	2018.05.24 00:00:00
1.17228	1.17228	1.17228	1.17216	1.17216	1.17216	2018.05.25 00:00:00
1.16873	1.16873	1.16873	1.16826	1.16826	1.16826	2018.05.27 00:00:00
1.16892	1.16892	1.16892	1.16877	1.16877	1.16877	2018.05.28 00:00:00
1.16271	1.16271	1.16271	1.16256	1.16256	1.16256	2018.05.29 00:00:00
1.15383	1.15383	1.15383	1.15366	1.15366	1.15366	2018.05.30 00:00:00
1.16653	1.16653	1.16653	1.16641	1.16641	1.16641	2018.05.31 00:00:00
1.16926	1.16926	1.16926	1.1691	1.1691	1.1691	2018.06.01 00:00:00
1.16643	1.16643	1.16643	1.16563	1.16563	1.16563	2018.06.03 00:00:00
1.16682	1.16682	1.16682	1.16669	1.16669	1.16669	2018.06.04 00:00:00
1.17005	1.17005	1.17005	1.1699	1.1699	1.1699	2018.06.05 00:00:00
1.17265	1.17265	1.17265	1.1725	1.1725	1.1725	2018.06.06 00:00:00
1.17818	1.17818	1.17818	1.17804	1.17804	1.17804	2018.06.07 00:00:00
1.17938	1.17938	1.17938	1.17922	1.17922	1.17922	2018.06.08 00:00:00
1.17761	1.17761	1.17761	1.17709	1.17709	1.17709	2018.06.10 00:00:00
1.1785	1.1785	1.1785	1.17834	1.17834	1.17834	2018.06.11 00:00:00
1.17732	1.17732	1.17732	1.17719	1.17719	1.17719	2018.06.12 00:00:00
1.17481	1.17481	1.17481	1.1747	1.1747	1.1747	2018.06.13 00:00:00
1.18038	1.18038	1.18038	1.18029	1.18029	1.18029	2018.06.14 00:00:00
1.1564	1.1564	1.1564	1.15628	1.15628	1.15628	2018.06.15 00:00:00
1.15912	1.15912	1.15912	1.15845	1.15845	1.15845	2018.06.17 00:00:00
1.15936	1.15936	1.15936	1.15925	1.15925	1.15925	2018.06.18 00:00:00
1.16303	1.16303	1.16303	1.16293	1.16293	1.16293	2018.06.19 00:00:00
1.15888	1.15888	1.15888	1.15877	1.15877	1.15877	2018.06.20 00:00:00
1.15785	1.15785	1.15785	1.15767	1.15767	1.15767	2018.06.21 00:00:00
1.16052	1.16052	1.16052	1.16036	1.16036	1.16036	2018.06.22 00:00:00
1.16658	1.16658	1.16658	1.16605	1.16605	1.16605	2018.06.24 00:00:00
1.16612	1.16612	1.16612	1.16596	1.16596	1.16596	2018.06.25 00:00:00
1.17016	1.17016	1.17016	1.17001	1.17001	1.17001	2018.06.26 00:00:00
1.16503	1.16503	1.16503	1.16487	1.16487	1.16487	2018.06.27 00:00:00
1.15636	1.15636	1.15636	1.15622	1.15622	1.15622	2018.06.28 00:00:00
1.15642	1.15642	1.15642	1.15628	1.15628	1.15628	2018.06.29 00:00:00
1.16781	1.16781	1.16781	1.16735	1.16735	1.16735	2018.07.01 00:00:00
1.16791	1.16791	1.16791	1.1678	1.1678	1.1678	2018.07.02 00:00:00
1.1642	1.1642	1.1642	1.16411	1.16411	1.16411	2018.07.03 00:00:00
1.16594	1.16594	1.16594	1.16584	1.16584	1.16584	2018.07.04 00:00:00
1.16608	1.16608	1.16608	1.16598	1.16598	1.16598	2018.07.05 00:00:00
1.16924	1.16924	1.16924	1.16914	1.16914	1.16914	2018.07.06 00:00:00
1.17452	1.17452	1.17452	1.17372	1.17372	1.17372	2018.07.08 00:00:00
1.17522	1.17522	1.17522	1.17512	1.17512	1.17512	2018.07.09 00:00:00
1.17565	1.17565	1.17565	1.17555	1.17555	1.17555	2018.07.10 00:00:00
1.17287	1.17287	1.17287	1.17277	1.17277	1.17277	2018.07.11 00:00:00
1.16757	1.16757	1.16757	1.16746	1.16746	1.16746	2018.07.12 00:00:00
1.16646	1.16646	1.16646	1.16633	1.16633	1.16633	2018.07.13 00:00:00
1.16912	1.16912	1.16912	1.16877	1.16877	1.16877	2018.07.15 00:00:00
1.16791	1.16791	1.16791	1.16779	1.16779	1.16779	2018.07.16 00:00:00
1.17098	1.17098	1.17098	1.17086	1.17086	1.17086	2018.07.17 00:00:00
1.16542	1.16542	1.16542	1.16528	1.16528	1.16528	2018.07.18 00:00:00
1.16456	1.16456	1.16456	1.16443	1.16443	1.16443	2018.07.19 00:00:00
1.16552	1.16552	1.16552	1.16529	1.16529	1.16529	2018.07.20 00:00:00
1.17281	1.17281	1.17281	1.17232	1.17232	1.17232	2018.07.22 00:00:00
1.17411	1.17411	1.17411	1.17399	1.17399	1.17399	2018.07.23 00:00:00
1.16942	1.16942	1.16942	1.16931	1.16931	1.16931	2018.07.24 00:00:00
1.16855	1.16855	1.16855	1.16843	1.16843	1.16843	2018.07.25 00:00:00
1.17386	1.17386	1.17386	1.17374	1.17374	1.17374	2018.07.26 00:00:00
1.16444	1.16444	1.16444	1.16432	1.16432	1.16432	2018.07.27 00:00:00
1.16612	1.16612	1.16612	1.16532	1.16532	1.16532	2018.07.29 00:00:00
1.16599	1.16599	1.16599	1.16587	1.16587	1.16587	2018.07.30 00:00:00
1.17081	1.17081	1.17081	1.17067	1.17067	1.17067	2018.07.31 00:00:00
1.16898	1.16898	1.16898	1.16885	1.16885	1.16885	2018.08.01 00:00:00
1.1664	1.1664	1.1664	1.16627	1.16627	1.16627	2018.08.02 00:00:00
1.15857	1.15857	1.15857	1.15843	1.15843	1.15843	2018.08.03 00:00:00
1.15714	1.15714	1.15714	1.15681	1.15681	1.15681	2018.08.05 00:00:00
1.15621	1.15621	1.15621	1.15608	1.15608	1.15608	2018.08.06 00:00:00
1.15587	1.15587	1.15587	1.15573	1.15573	1.15573	2018.08.07 00:00:00
1.16037	1.16037	1.16037	1.16024	1.16024	1.16024	2018.08.08 00:00:00
1.16099	1.16099	1.16099	1.16087	1.16087	1.16087	2018.08.09 00:00:00
1.15248	1.15248	1.15248	1.15234	1.15234	1.15234	2018.08.10 00:00:00
1.14012	1.14012	1.14012	1.13946	1.13946	1.13946	2018.08.12 00:00:00
1.13954	1.13954	1.13954	1.13941	1.13941	1.13941	2018.08.13 00:00:00
1.14012	1.14012	1.14012	1.13998	1.13998	1.13998	2018.08.14 00:00:00
1.13474	1.13474	1.13474	1.1346	1.1346	1.1346	2018.08.15 00:00:00
1.13424	1.13424	1.13424	1.13411	1.13411	1.13411	2018.08.16 00:00:00
1.13725	1.13725	1.13725	1.13713	1.13713	1.13713	2018.08.17 00:00:00
1.14422	1.14422	1.14422	1.1439	1.1439	1.1439	2018.08.19 00:00:00
1.14383	1.14383	1.14383	1.14371	1.14371	1.14371	2018.08.20 00:00:00
1.14925	1.14925	1.14925	1.14912	1.14912	1.14912	2018.08.21 00:00:00
1.15767	1.15767	1.15767	1.15754	1.15754	1.15754	2018.08.22 00:00:00
1.15863	1.15863	1.15863	1.15851	1.15851	1.15851	2018.08.23 00:00:00
1.15425	1.15425	1.15425	1.15413	1.15413	1.15413	2018.08.24 00:00:00
1.16236	1.16236	1.16236	1.16156	1.16156	1.16156	2018.08.26 00:00:00
1.16458	1.16458	1.16458	1.16445	1.16445	1.16445	2018.08.27 00:00:00
1.16848	1.16848	1.16848	1.16835	1.16835	1.16835	2018.08.28 00:00:00
1.1694	1.1694	1.1694	1.16929	1.16929	1.16929	2018.08.29 00:00:00
1.171	1.171	1.171	1.1709	1.1709	1.1709	2018.08.30 00:00:00
1.16659	1.16659	1.16659	1.16649	1.16649	1.16649	2018.08.31 00:00:00
1.16039	1.16039	1.16039	1.15959	1.15959	1.15959	2018.09.02 00:00:00
1.15986	1.15986	1.15986	1.15976	1.15976	1.15976	2018.09.03 00:00:00
1.16144	1.16144	1.16144	1.16134	1.16134	1.16134	2018.09.04 00:00:00
1.15875	1.15875	1.15875	1.15865	1.15865	1.15865	2018.09.05 00:00:00
1.1635	1.1635	1.1635	1.16341	1.16341	1.16341	2018.09.06 00:00:00
1.16204	1.16204	1.16204	1.16194	1.16194	1.16194	2018.09.07 00:00:00
1.15569	1.15569	1.15569	1.1549	1.1549	1.1549	2018.09.09 00:00:00
1.15612	1.15612	1.15612	1.15601	1.15601	1.15601	2018.09.10 00:00:00
1.15941	1.15941	1.15941	1.1593	1.1593	1.1593	2018.09.11 00:00:00
1.1596	1.1596	1.1596	1.1595	1.1595	1.1595	2018.09.12 00:00:00
1.16259	1.16259	1.16259	1.16247	1.16247	1.16247	2018.09.13 00:00:00
1.16918	1.16918	1.16918	1.16907	1.16907	1.16907	2018.09.14 00:00:00
1.1627	1.1627	1.1627	1.16196	1.16196	1.16196	2018.09.16 00:00:00
1.1624	1.1624	1.1624	1.1623	1.1623	1.1623	2018.09.17 00:00:00
1.16692	1.16692	1.16692	1.16682	1.16682	1.16682	2018.09.18 00:00:00
1.16782	1.16782	1.16782	1.16772	1.16772	1.16772	2018.09.19 00:00:00
1.16745	1.16745	1.16745	1.16736	1.16736	1.16736	2018.09.20 00:00:00
1.1776	1.1776	1.1776	1.17752	1.17752	1.17752	2018.09.21 00:00:00
1.17524	1.17524	1.17524	1.17444	1.17444	1.17444	2018.09.23 00:00:00
1.17489	1.17489	1.17489	1.17479	1.17479	1.17479	2018.09.24 00:00:00
1.1753	1.1753	1.1753	1.1752	1.1752	1.1752	2018.09.25 00:00:00
1.17633	1.17633	1.17633	1.17623	1.17623	1.17623	2018.09.26 00:00:00
1.17475	1.17475	1.17475	1.17464	1.17464	1.17464	2018.09.27 00:00:00
1.16366	1.16366	1.16366	1.16356	1.16356	1.16356	2018.09.28 00:00:00
1.16096	1.16096	1.16096	1.1606	1.1606	1.1606	2018.09.30 00:00:00
1.16057	1.16057	1.16057	1.16048	1.16048	1.16048	2018.10.01 00:00:00
1.15776	1.15776	1.15776	1.15766	1.15766	1.15766	2018.10.02 00:00:00
1.15508	1.15508	1.15508	1.15498	1.15498	1.15498	2018.10.03 00:00:00
1.14769	1.14769	1.14769	1.1476	1.1476	1.1476	2018.10.04 00:00:00
1.15179	1.15179	1.15179	1.15169	1.15169	1.15169	2018.10.05 00:00:00
1.15228	1.15228	1.15228	1.15197	1.15197	1.15197	2018.10.07 00:00:00
1.15244	1.15244	1.15244	1.15234	1.15234	1.15234	2018.10.08 00:00:00
1.14947	1.14947	1.14947	1.14936	1.14936	1.14936	2018.10.09 00:00:00
1.15053	1.15053	1.15053	1.15042	1.15042	1.15042	2018.10.10 00:00:00
1.15336	1.15336	1.15336	1.15326	1.15326	1.15326	2018.10.11 00:00:00
1.15904	1.15904	1.15904	1.15893	1.15893	1.15893	2018.10.12 00:00:00
1.15583	1.15583	1.15583	1.15524	1.15524	1.15524	2018.10.14 00:00:00
1.1551	1.1551	1.1551	1.155	1.155	1.155	2018.10.15 00:00:00
1.15834	1.15834	1.15834	1.15823	1.15823	1.15823	2018.10.16 00:00:00
1.15769	1.15769	1.15769	1.15759	1.15759	1.15759	2018.10.17 00:00:00
1.15018	1.15018	1.15018	1.15007	1.15007	1.15007	2018.10.18 00:00:00
1.14545	1.14545	1.14545	1.14536	1.14536	1.14536	2018.10.19 00:00:00
1.15178	1.15178	1.15178	1.15126	1.15126	1.15126	2018.10.21 00:00:00
1.15112	1.15112	1.15112	1.15101	1.15101	1.15101	2018.10.22 00:00:00
1.14651	1.14651	1.14651	1.14641	1.14641	1.14641	2018.10.23 00:00:00
1.14712	1.14712	1.14712	1.14702	1.14702	1.14702	2018.10.24 00:00:00
1.13994	1.13994	1.13994	1.13984	1.13984	1.13984	2018.10.25 00:00:00
1.13758	1.13758	1.13758	1.13748	1.13748	1.13748	2018.10.26 00:00:00
1.14	1.14	1.14	1.13945	1.13945	1.13945	2018.10.28 00:00:00
1.13985	1.13985	1.13985	1.13975	1.13975	1.13975	2018.10.29 00:00:00
1.13761	1.13761	1.13761	1.1375	1.1375	1.1375	2018.10.30 00:00:00
1.13459	1.13459	1.13459	1.13448	1.13448	1.13448	2018.10.31 00:00:00
1.13152	1.13152	1.13152	1.13142	1.13142	1.13142	2018.11.01 00:00:00
1.14034	1.14034	1.14034	1.14024	1.14024	1.14024	2018.11.02 00:00:00
1.13876	1.13876	1.13876	1.13869	1.13869	1.13869	2018.11.04 00:00:00
1.1398	1.1398	1.1398	1.1397	1.1397	1.1397	2018.11.05 00:00:00
1.14091	1.14091	1.14091	1.1408	1.1408	1.1408	2018.11.06 00:00:00
1.14379	1.14379	1.14379	1.14358	1.14358	1.14358	2018.11.07 00:00:00
1.14331	1.14331	1.14331	1.14322	1.14322	1.14322	2018.11.08 00:00:00
1.13684	1.13684	1.13684	1.13677	1.13677	1.13677	2018.11.09 00:00:00
1.13187	1.13187	1.13187	1.13171	1.13171	1.13171	2018.11.11 00:00:00
1.13246	1.13246	1.13246	1.13234	1.13234	1.13234	2018.11.12 00:00:00
1.12241	1.12241	1.12241	1.12232	1.12232	1.12232	2018.11.13 00:00:00
1.13127	1.13127	1.13127	1.13115	1.13115	1.13115	2018.11.14 00:00:00
1.13127	1.13127	1.13127	1.13119	1.13119	1.13119	2018.11.15 00:00:00
1.13248	1.13248	1.13248	1.13242	1.13242	1.13242	2018.11.16 00:00:00
1.14048	1.14048	1.14048	1.14017	1.14017	1.14017	2018.11.18 00:00:00
1.1414	1.1414	1.1414	1.14133	1.14133	1.14133	2018.11.19 00:00:00
1.14544	1.14544	1.14544	1.14538	1.14538	1.14538	2018.11.20 00:00:00
1.13724	1.13724	1.13724	1.13715	1.13715	1.13715	2018.11.21 00:00:00
1.13884	1.13884	1.13884	1.13873	1.13873	1.13873	2018.11.22 00:00:00
1.14034	1.14034	1.14034	1.14023	1.14023	1.14023	2018.11.23 00:00:00
1.13432	1.13432	1.13432	1.13381	1.13381	1.13381	2018.11.25 00:00:00
1.13376	1.13376	1.13376	1.13365	1.13365	1.13365	2018.11.26 00:00:00
1.13339	1.13339	1.13339	1.13326	1.13326	1.13326	2018.11.27 00:00:00
1.12985	1.12985	1.12985	1.12968	1.12968	1.12968	2018.11.28 00:00:00
1.13685	1.13685	1.13685	1.1367	1.1367	1.1367	2018.11.29 00:00:00
1.13927	1.13927	1.13927	1.13919	1.13919	1.13919	2018.11.30 00:00:00
1.13551	1.13551	1.13551	1.13538	1.13538	1.13538	2018.12.02 00:00:00
1.13425	1.13425	1.13425	1.13414	1.13414	1.13414	2018.12.03 00:00:00
1.13547	1.13547	1.13547	1.1354	1.1354	1.1354	2018.12.04 00:00:00
1.1343	1.1343	1.1343	1.13423	1.13423	1.13423	2018.12.05 00:00:00
1.13492	1.13492	1.13492	1.13483	1.13483	1.13483	2018.12.06 00:00:00
1.13761	1.13761	1.13761	1.13752	1.13752	1.13752	2018.12.07 00:00:00
1.13931	1.13931	1.13931	1.13851	1.13851	1.13851	2018.12.09 00:00:00
1.14002	1.14002	1.14002	1.13992	1.13992	1.13992	2018.12.10 00:00:00
1.13564	1.13564	1.13564	1.13555	1.13555	1.13555	2018.12.11 00:00:00
1.13222	1.13222	1.13222	1.13213	1.13213	1.13213	2018.12.12 00:00:00
1.13731	1.13731	1.13731	1.13723	1.13723	1.13723	2018.12.13 00:00:00
1.13633	1.13633	1.13633	1.13626	1.13626	1.13626	2018.12.14 00:00:00
1.13047	1.13047	1.13047	1.13022	1.13022	1.13022	2018.12.16 00:00:00
1.13047	1.13047	1.13047	1.13034	1.13034	1.13034	2018.12.17 00:00:00
1.135	1.135	1.135	1.13489	1.13489	1.13489	2018.12.18 00:00:00
1.13762	1.13762	1.13762	1.13752	1.13752	1.13752	2018.12.19 00:00:00
1.13871	1.13871	1.13871	1.13862	1.13862	1.13862	2018.12.20 00:00:00
1.1457	1.1457	1.1457	1.14562	1.14562	1.14562	2018.12.21 00:00:00
1.13697	1.13697	1.13697	1.13617	1.13617	1.13617	2018.12.23 00:00:00
1.1373	1.1373	1.1373	1.13719	1.13719	1.13719	2018.12.24 00:00:00
1.14155	1.14155	1.14155	1.14115	1.14115	1.14115	2018.12.26 00:00:00
1.13609	1.13609	1.13609	1.136	1.136	1.136	2018.12.27 00:00:00
1.14312	1.14312	1.14312	1.14301	1.14301	1.14301	2018.12.28 00:00:00
1.1443	1.1443	1.1443	1.1441	1.1441	1.1441	2018.12.30 00:00:00
1.14398	1.14398	1.14398	1.14388	1.14388	1.14388	2018.12.31 00:00:00
1.14626	1.14626	1.14626	1.14605	1.14605	1.14605	2019.01.02 00:00:00
1.13122	1.13122	1.13122	1.1311	1.1311	1.1311	2019.01.03 00:00:00
1.13907	1.13907	1.13907	1.13897	1.13897	1.13897	2019.01.04 00:00:00
1.14004	1.14004	1.14004	1.1393	1.1393	1.1393	2019.01.06 00:00:00
1.14108	1.14108	1.14108	1.14099	1.14099	1.14099	2019.01.07 00:00:00
1.14794	1.14794	1.14794	1.14785	1.14785	1.14785	2019.01.08 00:00:00
1.1457	1.1457	1.1457	1.14562	1.14562	1.14562	2019.01.09 00:00:00
1.15547	1.15547	1.15547	1.15535	1.15535	1.15535	2019.01.10 00:00:00
1.15084	1.15084	1.15084	1.15073	1.15073	1.15073	2019.01.11 00:00:00
1.14617	1.14617	1.14617	1.14537	1.14537	1.14537	2019.01.13 00:00:00
1.14604	1.14604	1.14604	1.14594	1.14594	1.14594	2019.01.14 00:00:00
1.14732	1.14732	1.14732	1.14723	1.14723	1.14723	2019.01.15 00:00:00
1.14145	1.14145	1.14145	1.14137	1.14137	1.14137	2019.01.16 00:00:00
1.13996	1.13996	1.13996	1.13989	1.13989	1.13989	2019.01.17 00:00:00
1.13925	1.13925	1.13925	1.13918	1.13918	1.13918	2019.01.18 00:00:00
1.1367	1.1367	1.1367	1.13595	1.13595	1.13595	2019.01.20 00:00:00
1.13654	1.13654	1.13654	1.13648	1.13648	1.13648	2019.01.21 00:00:00
1.13696	1.13696	1.13696	1.13685	1.13685	1.13685	2019.01.22 00:00:00
1.13636	1.13636	1.13636	1.13631	1.13631	1.13631	2019.01.23 00:00:00
1.13866	1.13866	1.13866	1.13854	1.13854	1.13854	2019.01.24 00:00:00
1.13131	1.13131	1.13131	1.13121	1.13121	1.13121	2019.01.25 00:00:00
1.14081	1.14081	1.14081	1.14021	1.14021	1.14021	2019.01.27 00:00:00
1.14133	1.14133	1.14133	1.14124	1.14124	1.14124	2019.01.28 00:00:00
1.14302	1.14302	1.14302	1.14293	1.14293	1.14293	2019.01.29 00:00:00
1.14355	1.14355	1.14355	1.14346	1.14346	1.14346	2019.01.30 00:00:00
1.14858	1.14858	1.14858	1.1485	1.1485	1.1485	2019.01.31 00:00:00
1.14486	1.14486	1.14486	1.14479	1.14479	1.14479	2019.02.01 00:00:00
1.14538	1.14538	1.14538	1.14506	1.14506	1.14506	2019.02.03 00:00:00
1.14549	1.14549	1.14549	1.14543	1.14543	1.14543	2019.02.04 00:00:00
1.14354	1.14354	1.14354	1.14349	1.14349	1.14349	2019.02.05 00:00:00
1.14091	1.14091	1.14091	1.14086	1.14086	1.14086	2019.02.06 00:00:00
1.1366	1.1366	1.1366	1.13655	1.13655	1.13655	2019.02.07 00:00:00
1.13385	1.13385	1.13385	1.13381	1.13381	1.13381	2019.02.08 00:00:00
1.1323	1.1323	1.1323	1.13216	1.13216	1.13216	2019.02.10 00:00:00
1.13241	1.13241	1.13241	1.13237	1.13237	1.13237	2019.02.11 00:00:00
1.12786	1.12786	1.12786	1.12783	1.12783	1.12783	2019.02.12 00:00:00
1.1334	1.1334	1.1334	1.13336	1.13336	1.13336	2019.02.13 00:00:00
1.12648	1.12648	1.12648	1.12645	1.12645	1.12645	2019.02.14 00:00:00
1.12952	1.12952	1.12952	1.12941	1.12941	1.12941	2019.02.15 00:00:00
1.13005	1.13005	1.13005	1.12945	1.12945	1.12945	2019.02.17 00:00:00
1.12959	1.12959	1.12959	1.12948	1.12948	1.12948	2019.02.18 00:00:00
1.13122	1.13122	1.13122	1.13112	1.13112	1.13112	2019.02.19 00:00:00
1.13405	1.13405	1.13405	1.13395	1.13395	1.13395	2019.02.20 00:00:00
1.13467	1.13467	1.13467	1.13458	1.13458	1.13458	2019.02.21 00:00:00
1.134	1.134	1.134	1.13391	1.13391	1.13391	2019.02.22 00:00:00
1.13455	1.13455	1.13455	1.13395	1.13395	1.13395	2019.02.24 00:00:00
1.13425	1.13425	1.13425	1.13416	1.13416	1.13416	2019.02.25 00:00:00
1.13653	1.13653	1.13653	1.13644	1.13644	1.13644	2019.02.26 00:00:00
1.13935	1.13935	1.13935	1.13927	1.13927	1.13927	2019.02.27 00:00:00
1.138	1.138	1.138	1.13793	1.13793	1.13793	2019.02.28 00:00:00
1.13737	1.13737	1.13737	1.13726	1.13726	1.13726	2019.03.01 00:00:00
1.13861	1.13861	1.13861	1.13801	1.13801	1.13801	2019.03.03 00:00:00
1.13756	1.13756	1.13756	1.13746	1.13746	1.13746	2019.03.04 00:00:00
1.13369	1.13369	1.13369	1.1336	1.1336	1.1336	2019.03.05 00:00:00
1.13065	1.13065	1.13065	1.13056	1.13056	1.13056	2019.03.06 00:00:00
1.13136	1.13136	1.13136	1.13127	1.13127	1.13127	2019.03.07 00:00:00
1.11986	1.11986	1.11986	1.11977	1.11977	1.11977	2019.03.08 00:00:00
1.12331	1.12331	1.12331	1.12286	1.12286	1.12286	2019.03.10 00:00:00
1.12321	1.12321	1.12321	1.12313	1.12313	1.12313	2019.03.11 00:00:00
1.12596	1.12596	1.12596	1.12588	1.12588	1.12588	2019.03.12 00:00:00
1.1287	1.1287	1.1287	1.12862	1.12862	1.12862	2019.03.13 00:00:00
1.13308	1.13308	1.13308	1.133	1.133	1.133	2019.03.14 00:00:00
1.1307	1.1307	1.1307	1.13063	1.13063	1.13063	2019.03.15 00:00:00
1.13251	1.13251	1.13251	1.13191	1.13191	1.13191	2019.03.17 00:00:00
1.13199	1.13199	1.13199	1.1319	1.1319	1.1319	2019.03.18 00:00:00
1.13365	1.13365	1.13365	1.13357	1.13357	1.13357	2019.03.19 00:00:00
1.13548	1.13548	1.13548	1.1354	1.1354	1.1354	2019.03.20 00:00:00
1.14288	1.14288	1.14288	1.1428	1.1428	1.1428	2019.03.21 00:00:00
1.13745	1.13745	1.13745	1.13736	1.13736	1.13736	2019.03.22 00:00:00
1.12977	1.12977	1.12977	1.12917	1.12917	1.12917	2019.03.24 00:00:00
1.12961	1.12961	1.12961	1.12953	1.12953	1.12953	2019.03.25 00:00:00
1.13154	1.13154	1.13154	1.13145	1.13145	1.13145	2019.03.26 00:00:00
1.12743	1.12743	1.12743	1.12735	1.12735	1.12735	2019.03.27 00:00:00
1.12525	1.12525	1.12525	1.12517	1.12517	1.12517	2019.03.28 00:00:00
1.123	1.123	1.123	1.12292	1.12292	1.12292	2019.03.29 00:00:00
1.12307	1.12307	1.12307	1.12247	1.12247	1.12247	2019.03.31 00:00:00
1.12238	1.12238	1.12238	1.12229	1.12229	1.12229	2019.04.01 00:00:00
1.12054	1.12054	1.12054	1.12046	1.12046	1.12046	2019.04.02 00:00:00
1.12037	1.12037	1.12037	1.12029	1.12029	1.12029	2019.04.03 00:00:00
1.12451	1.12451	1.12451	1.12443	1.12443	1.12443	2019.04.04 00:00:00
1.12228	1.12228	1.12228	1.1222	1.1222	1.1222	2019.04.05 00:00:00
1.1219	1.1219	1.1219	1.12133	1.12133	1.12133	2019.04.07 00:00:00
1.12187	1.12187	1.12187	1.12179	1.12179	1.12179	2019.04.08 00:00:00
1.12561	1.12561	1.12561	1.12553	1.12553	1.12553	2019.04.09 00:00:00
1.12659	1.12659	1.12659	1.12652	1.12652	1.12652	2019.04.10 00:00:00
1.12763	1.12763	1.12763	1.12755	1.12755	1.12755	2019.04.11 00:00:00
1.12606	1.12606	1.12606	1.12598	1.12598	1.12598	2019.04.12 00:00:00
1.13065	1.13065	1.13065	1.13005	1.13005	1.13005	2019.04.14 00:00:00
1.13032	1.13032	1.13032	1.13025	1.13025	1.13025	2019.04.15 00:00:00
1.13048	1.13048	1.13048	1.1304	1.1304	1.1304	2019.04.16 00:00:00
1.1285	1.1285	1.1285	1.12842	1.12842	1.12842	2019.04.17 00:00:00
1.12969	1.12969	1.12969	1.1296	1.1296	1.1296	2019.04.18 00:00:00
1.12356	1.12356	1.12356	1.12341	1.12341	1.12341	2019.04.19 00:00:00
1.12464	1.12464	1.12464	1.12404	1.12404	1.12404	2019.04.21 00:00:00
1.12451	1.12451	1.12451	1.12433	1.12433	1.12433	2019.04.22 00:00:00
1.12594	1.12594	1.12594	1.12585	1.12585	1.12585	2019.04.23 00:00:00
1.12245	1.12245	1.12245	1.12237	1.12237	1.12237	2019.04.24 00:00:00
1.11538	1.11538	1.11538	1.1153	1.1153	1.1153	2019.04.25 00:00:00
1.11358	1.11358	1.11358	1.11351	1.11351	1.11351	2019.04.26 00:00:00
1.11483	1.11483	1.11483	1.11433	1.11433	1.11433	2019.04.28 00:00:00
1.11495	1.11495	1.11495	1.11489	1.11489	1.11489	2019.04.29 00:00:00
1.11853	1.11853	1.11853	1.11844	1.11844	1.11844	2019.04.30 00:00:00
1.12161	1.12161	1.12161	1.12152	1.12152	1.12152	2019.05.01 00:00:00
1.12028	1.12028	1.12028	1.1202	1.1202	1.1202	2019.05.02 00:00:00
1.11733	1.11733	1.11733	1.11725	1.11725	1.11725	2019.05.03 00:00:00
1.11801	1.11801	1.11801	1.11741	1.11741	1.11741	2019.05.05 00:00:00
1.11852	1.11852	1.11852	1.11843	1.11843	1.11843	2019.05.06 00:00:00
1.12013	1.12013	1.12013	1.12005	1.12005	1.12005	2019.05.07 00:00:00
1.119	1.119	1.119	1.11892	1.11892	1.11892	2019.05.08 00:00:00
1.11984	1.11984	1.11984	1.11976	1.11976	1.11976	2019.05.09 00:00:00
1.12189	1.12189	1.12189	1.12181	1.12181	1.12181	2019.05.10 00:00:00
1.12364	1.12364	1.12364	1.12328	1.12328	1.12328	2019.05.12 00:00:00
1.12361	1.12361	1.12361	1.12353	1.12353	1.12353	2019.05.13 00:00:00
1.12327	1.12327	1.12327	1.12319	1.12319	1.12319	2019.05.14 00:00:00
1.12035	1.12035	1.12035	1.12027	1.12027	1.12027	2019.05.15 00:00:00
1.12075	1.12075	1.12075	1.12067	1.12067	1.12067	2019.05.16 00:00:00
1.11737	1.11737	1.11737	1.11729	1.11729	1.11729	2019.05.17 00:00:00
1.11624	1.11624	1.11624	1.11564	1.11564	1.11564	2019.05.19 00:00:00
1.11654	1.11654	1.11654	1.11646	1.11646	1.11646	2019.05.20 00:00:00
1.11677	1.11677	1.11677	1.11669	1.11669	1.11669	2019.05.21 00:00:00
1.11648	1.11648	1.11648	1.1164	1.1164	1.1164	2019.05.22 00:00:00
1.11558	1.11558	1.11558	1.1155	1.1155	1.1155	2019.05.23 00:00:00
1.11844	1.11844	1.11844	1.11836	1.11836	1.11836	2019.05.24 00:00:00
1.12124	1.12124	1.12124	1.12064	1.12064	1.12064	2019.05.26 00:00:00
1.12073	1.12073	1.12073	1.12065	1.12065	1.12065	2019.05.27 00:00:00
1.11939	1.11939	1.11939	1.11931	1.11931	1.11931	2019.05.28 00:00:00
1.11682	1.11682	1.11682	1.11674	1.11674	1.11674	2019.05.29 00:00:00
1.11371	1.11371	1.11371	1.11363	1.11363	1.11363	2019.05.30 00:00:00
1.11301	1.11301	1.11301	1.11293	1.11293	1.11293	2019.05.31 00:00:00
1.11681	1.11681	1.11681	1.11621	1.11621	1.11621	2019.06.02 00:00:00
1.11739	1.11739	1.11739	1.11731	1.11731	1.11731	2019.06.03 00:00:00
1.12462	1.12462	1.12462	1.12453	1.12453	1.12453	2019.06.04 00:00:00
1.12542	1.12542	1.12542	1.12534	1.12534	1.12534	2019.06.05 00:00:00
1.12289	1.12289	1.12289	1.12281	1.12281	1.12281	2019.06.06 00:00:00
1.12761	1.12761	1.12761	1.12753	1.12753	1.12753	2019.06.07 00:00:00
1.13273	1.13273	1.13273	1.13213	1.13213	1.13213	2019.06.09 00:00:00
1.13196	1.13196	1.13196	1.13187	1.13187	1.13187	2019.06.10 00:00:00
1.13186	1.13186	1.13186	1.13178	1.13178	1.13178	2019.06.11 00:00:00
1.13298	1.13298	1.13298	1.1329	1.1329	1.1329	2019.06.12 00:00:00
1.1293	1.1293	1.1293	1.12922	1.12922	1.12922	2019.06.13 00:00:00
1.12798	1.12798	1.12798	1.1279	1.1279	1.1279	2019.06.14 00:00:00
1.1213	1.1213	1.1213	1.12086	1.12086	1.12086	2019.06.16 00:00:00
1.12161	1.12161	1.12161	1.12151	1.12151	1.12151	2019.06.17 00:00:00
1.12249	1.12249	1.12249	1.12234	1.12234	1.12234	2019.06.18 00:00:00
1.11986	1.11986	1.11986	1.11976	1.11976	1.11976	2019.06.19 00:00:00
1.12364	1.12364	1.12364	1.12354	1.12354	1.12354	2019.06.20 00:00:00
1.1295	1.1295	1.1295	1.12939	1.12939	1.12939	2019.06.21 00:00:00
1.13745	1.13745	1.13745	1.13676	1.13676	1.13676	2019.06.23 00:00:00
1.13856	1.13856	1.13856	1.13846	1.13846	1.13846	2019.06.24 00:00:00
1.13999	1.13999	1.13999	1.13989	1.13989	1.13989	2019.06.25 00:00:00
1.13688	1.13688	1.13688	1.13678	1.13678	1.13678	2019.06.26 00:00:00
1.1374	1.1374	1.1374	1.1373	1.1373	1.1373	2019.06.27 00:00:00
1.13719	1.13719	1.13719	1.13709	1.13709	1.13709	2019.06.28 00:00:00
1.13659	1.13659	1.13659	1.13579	1.13579	1.13579	2019.06.30 00:00:00
1.13607	1.13607	1.13607	1.13597	1.13597	1.13597	2019.07.01 00:00:00
1.12875	1.12875	1.12875	1.12865	1.12865	1.12865	2019.07.02 00:00:00
1.12912	1.12912	1.12912	1.12902	1.12902	1.12902	2019.07.03 00:00:00
1.12879	1.12879	1.12879	1.12869	1.12869	1.12869	2019.07.04 00:00:00
1.12859	1.12859	1.12859	1.12849	1.12849	1.12849	2019.07.05 00:00:00
1.12273	1.12273	1.12273	1.12213	1.12213	1.12213	2019.07.07 00:00:00
1.12273	1.12273	1.12273	1.12263	1.12263	1.12263	2019.07.08 00:00:00
1.12157	1.12157	1.12157	1.12147	1.12147	1.12147	2019.07.09 00:00:00
1.12049	1.12049	1.12049	1.12039	1.12039	1.12039	2019.07.10 00:00:00
1.1259	1.1259	1.1259	1.1258	1.1258	1.1258	2019.07.11 00:00:00
1.12503	1.12503	1.12503	1.12493	1.12493	1.12493	2019.07.12 00:00:00
1.12734	1.12734	1.12734	1.12654	1.12654	1.12654	2019.07.14 00:00:00
1.12717	1.12717	1.12717	1.12707	1.12707	1.12707	2019.07.15 00:00:00
1.12605	1.12605	1.12605	1.12595	1.12595	1.12595	2019.07.16 00:00:00
1.12124	1.12124	1.12124	1.12114	1.12114	1.12114	2019.07.17 00:00:00
1.12278	1.12278	1.12278	1.12268	1.12268	1.12268	2019.07.18 00:00:00
1.12616	1.12616	1.12616	1.12606	1.12606	1.12606	2019.07.19 00:00:00
1.12194	1.12194	1.12194	1.12114	1.12114	1.12114	2019.07.21 00:00:00
1.12182	1.12182	1.12182	1.12172	1.12172	1.12172	2019.07.22 00:00:00
1.1205	1.1205	1.1205	1.1204	1.1204	1.1204	2019.07.23 00:00:00
1.11515	1.11515	1.11515	1.11505	1.11505	1.11505	2019.07.24 00:00:00
1.11426	1.11426	1.11426	1.11416	1.11416	1.11416	2019.07.25 00:00:00
1.11456	1.11456	1.11456	1.11446	1.11446	1.11446	2019.07.26 00:00:00
1.11296	1.11296	1.11296	1.11216	1.11216	1.11216	2019.07.28 00:00:00
1.11302	1.11302	1.11302	1.11292	1.11292	1.11292	2019.07.29 00:00:00
1.11429	1.11429	1.11429	1.11419	1.11419	1.11419	2019.07.30 00:00:00
1.11575	1.11575	1.11575	1.11565	1.11565	1.11565	2019.07.31 00:00:00
1.10723	1.10723	1.10723	1.10713	1.10713	1.10713	2019.08.01 00:00:00
1.10795	1.10795	1.10795	1.10785	1.10785	1.10785	2019.08.02 00:00:00
1.11117	1.11117	1.11117	1.11037	1.11037	1.11037	2019.08.04 00:00:00
1.11083	1.11083	1.11083	1.11073	1.11073	1.11073	2019.08.05 00:00:00
1.12424	1.12424	1.12424	1.12414	1.12414	1.12414	2019.08.06 00:00:00
1.12059	1.12059	1.12059	1.12049	1.12049	1.12049	2019.08.07 00:00:00
1.12046	1.12046	1.12046	1.12036	1.12036	1.12036	2019.08.08 00:00:00
1.11868	1.11868	1.11868	1.11858	1.11858	1.11858	2019.08.09 00:00:00
1.12033	1.12033	1.12033	1.11973	1.11973	1.11973	2019.08.11 00:00:00
1.12079	1.12079	1.12079	1.12069	1.12069	1.12069	2019.08.12 00:00:00
1.12167	1.12167	1.12167	1.12157	1.12157	1.12157	2019.08.13 00:00:00
1.11771	1.11771	1.11771	1.11761	1.11761	1.11761	2019.08.14 00:00:00
1.11435	1.11435	1.11435	1.11425	1.11425	1.11425	2019.08.15 00:00:00
1.11112	1.11112	1.11112	1.11102	1.11102	1.11102	2019.08.16 00:00:00
1.10956	1.10956	1.10956	1.10896	1.10896	1.10896	2019.08.18 00:00:00
1.10927	1.10927	1.10927	1.10917	1.10917	1.10917	2019.08.19 00:00:00
1.10823	1.10823	1.10823	1.10813	1.10813	1.10813	2019.08.20 00:00:00
1.10977	1.10977	1.10977	1.10967	1.10967	1.10967	2019.08.21 00:00:00
1.1091	1.1091	1.1091	1.109	1.109	1.109	2019.08.22 00:00:00
1.10843	1.10843	1.10843	1.10833	1.10833	1.10833	2019.08.23 00:00:00
1.11527	1.11527	1.11527	1.11447	1.11447	1.11447	2019.08.25 00:00:00
1.1144	1.1144	1.1144	1.1143	1.1143	1.1143	2019.08.26 00:00:00
1.11021	1.11021	1.11021	1.11011	1.11011	1.11011	2019.08.27 00:00:00
1.10901	1.10901	1.10901	1.10891	1.10891	1.10891	2019.08.28 00:00:00
1.10861	1.10861	1.10861	1.10851	1.10851	1.10851	2019.08.29 00:00:00
1.10597	1.10597	1.10597	1.10587	1.10587	1.10587	2019.08.30 00:00:00
1.09916	1.09916	1.09916	1.09856	1.09856	1.09856	2019.09.01 00:00:00
1.09909	1.09909	1.09909	1.09899	1.09899	1.09899	2019.09.02 00:00:00
1.09649	1.09649	1.09649	1.09639	1.09639	1.09639	2019.09.03 00:00:00
1.09732	1.09732	1.09732	1.09722	1.09722	1.09722	2019.09.04 00:00:00
1.10354	1.10354	1.10354	1.10344	1.10344	1.10344	2019.09.05 00:00:00
1.1035	1.1035	1.1035	1.10335	1.10335	1.10335	2019.09.06 00:00:00
1.10299	1.10299	1.10299	1.10239	1.10239	1.10239	2019.09.08 00:00:00
1.10208	1.10208	1.10208	1.10198	1.10198	1.10198	2019.09.09 00:00:00
1.10477	1.10477	1.10477	1.10467	1.10467	1.10467	2019.09.10 00:00:00
1.10507	1.10507	1.10507	1.10497	1.10497	1.10497	2019.09.11 00:00:00
1.10141	1.10141	1.10141	1.10131	1.10131	1.10131	2019.09.12 00:00:00
1.10567	1.10567	1.10567	1.10557	1.10557	1.10557	2019.09.13 00:00:00
1.10755	1.10755	1.10755	1.1073	1.1073	1.1073	2019.09.15 00:00:00
1.10837	1.10837	1.10837	1.10827	1.10827	1.10827	2019.09.16 00:00:00
1.10038	1.10038	1.10038	1.10028	1.10028	1.10028	2019.09.17 00:00:00
1.10744	1.10744	1.10744	1.10734	1.10734	1.10734	2019.09.18 00:00:00
1.10292	1.10292	1.10292	1.10282	1.10282	1.10282	2019.09.19 00:00:00
1.10452	1.10452	1.10452	1.10442	1.10442	1.10442	2019.09.20 00:00:00
1.10181	1.10181	1.10181	1.10101	1.10101	1.10101	2019.09.22 00:00:00
1.10192	1.10192	1.10192	1.10182	1.10182	1.10182	2019.09.23 00:00:00
1.09944	1.09944	1.09944	1.09934	1.09934	1.09934	2019.09.24 00:00:00
1.10142	1.10142	1.10142	1.10127	1.10127	1.10127	2019.09.25 00:00:00
1.09518	1.09518	1.09518	1.09508	1.09508	1.09508	2019.09.26 00:00:00
1.09229	1.09229	1.09229	1.09219	1.09219	1.09219	2019.09.27 00:00:00
1.09443	1.09443	1.09443	1.09383	1.09383	1.09383	2019.09.29 00:00:00
1.09428	1.09428	1.09428	1.09418	1.09418	1.09418	2019.09.30 00:00:00
1.08999	1.08999	1.08999	1.08989	1.08989	1.08989	2019.10.01 00:00:00
1.09346	1.09346	1.09346	1.09336	1.09336	1.09336	2019.10.02 00:00:00
1.0961	1.0961	1.0961	1.096	1.096	1.096	2019.10.03 00:00:00
1.09751	1.09751	1.09751	1.09741	1.09741	1.09741	2019.10.04 00:00:00
1.09859	1.09859	1.09859	1.09779	1.09779	1.09779	2019.10.06 00:00:00
1.09838	1.09838	1.09838	1.09828	1.09828	1.09828	2019.10.07 00:00:00
1.09721	1.09721	1.09721	1.09711	1.09711	1.09711	2019.10.08 00:00:00
1.09604	1.09604	1.09604	1.09594	1.09594	1.09594	2019.10.09 00:00:00
1.09848	1.09848	1.09848	1.09838	1.09838	1.09838	2019.10.10 00:00:00
1.10113	1.10113	1.10113	1.10103	1.10103	1.10103	2019.10.11 00:00:00
1.1037	1.1037	1.1037	1.1029	1.1029	1.1029	2019.10.13 00:00:00
1.10287	1.10287	1.10287	1.10277	1.10277	1.10277	2019.10.14 00:00:00
1.10265	1.10265	1.10265	1.10255	1.10255	1.10255	2019.10.15 00:00:00
1.1035	1.1035	1.1035	1.1034	1.1034	1.1034	2019.10.16 00:00:00
1.10745	1.10745	1.10745	1.10735	1.10735	1.10735	2019.10.17 00:00:00
1.11253	1.11253	1.11253	1.11243	1.11243	1.11243	2019.10.18 00:00:00
1.11692	1.11692	1.11692	1.11612	1.11612	1.11612	2019.10.20 00:00:00
1.11564	1.11564	1.11564	1.11554	1.11554	1.11554	2019.10.21 00:00:00
1.11522	1.11522	1.11522	1.11512	1.11512	1.11512	2019.10.22 00:00:00
1.11296	1.11296	1.11296	1.11286	1.11286	1.11286	2019.10.23 00:00:00
1.11327	1.11327	1.11327	1.11317	1.11317	1.11317	2019.10.24 00:00:00
1.11041	1.11041	1.11041	1.11031	1.11031	1.11031	2019.10.25 00:00:00
1.10821	1.10821	1.10821	1.10761	1.10761	1.10761	2019.10.27 00:00:00
1.10846	1.10846	1.10846	1.10836	1.10836	1.10836	2019.10.28 00:00:00
1.10991	1.10991	1.10991	1.10981	1.10981	1.10981	2019.10.29 00:00:00
1.11127	1.11127	1.11127	1.11117	1.11117	1.11117	2019.10.30 00:00:00
1.11529	1.11529	1.11529	1.11519	1.11519	1.11519	2019.10.31 00:00:00
1.11567	1.11567	1.11567	1.11557	1.11557	1.11557	2019.11.01 00:00:00
1.11733	1.11733	1.11733	1.11653	1.11653	1.11653	2019.11.03 00:00:00
1.11667	1.11667	1.11667	1.11657	1.11657	1.11657	2019.11.04 00:00:00
1.11286	1.11286	1.11286	1.11276	1.11276	1.11276	2019.11.05 00:00:00
1.10746	1.10746	1.10746	1.10736	1.10736	1.10736	2019.11.06 00:00:00
1.10706	1.10706	1.10706	1.10696	1.10696	1.10696	2019.11.07 00:00:00
1.10529	1.10529	1.10529	1.10519	1.10519	1.10519	2019.11.08 00:00:00
1.10255	1.10255	1.10255	1.10175	1.10175	1.10175	2019.11.10 00:00:00
1.10226	1.10226	1.10226	1.10216	1.10216	1.10216	2019.11.11 00:00:00
1.10353	1.10353	1.10353	1.10343	1.10343	1.10343	2019.11.12 00:00:00
1.10126	1.10126	1.10126	1.10116	1.10116	1.10116	2019.11.13 00:00:00
1.10102	1.10102	1.10102	1.10092	1.10092	1.10092	2019.11.14 00:00:00
1.10203	1.10203	1.10203	1.10193	1.10193	1.10193	2019.11.15 00:00:00
1.10542	1.10542	1.10542	1.10462	1.10462	1.10462	2019.11.17 00:00:00
1.10545	1.10545	1.10545	1.10535	1.10535	1.10535	2019.11.18 00:00:00
1.10728	1.10728	1.10728	1.10718	1.10718	1.10718	2019.11.19 00:00:00
1.10786	1.10786	1.10786	1.10776	1.10776	1.10776	2019.11.20 00:00:00
1.10783	1.10783	1.10783	1.10773	1.10773	1.10773	2019.11.21 00:00:00
1.10662	1.10662	1.10662	1.10652	1.10652	1.10652	2019.11.22 00:00:00
1.10217	1.10217	1.10217	1.10137	1.10137	1.10137	2019.11.24 00:00:00
1.10232	1.10232	1.10232	1.10222	1.10222	1.10222	2019.11.25 00:00:00
1.10111	1.10111	1.10111	1.10101	1.10101	1.10101	2019.11.26 00:00:00
1.10227	1.10227	1.10227	1.10217	1.10217	1.10217	2019.11.27 00:00:00
1.10056	1.10056	1.10056	1.10046	1.10046	1.10046	2019.11.28 00:00:00
1.10118	1.10118	1.10118	1.10108	1.10108	1.10108	2019.11.29 00:00:00
1.10287	1.10287	1.10287	1.10207	1.10207	1.10207	2019.12.01 00:00:00
1.10189	1.10189	1.10189	1.10179	1.10179	1.10179	2019.12.02 00:00:00
1.10766	1.10766	1.10766	1.10756	1.10756	1.10756	2019.12.03 00:00:00
1.10824	1.10824	1.10824	1.10814	1.10814	1.10814	2019.12.04 00:00:00
1.10832	1.10832	1.10832	1.10822	1.10822	1.10822	2019.12.05 00:00:00
1.11046	1.11046	1.11046	1.11036	1.11036	1.11036	2019.12.06 00:00:00
1.10627	1.10627	1.10627	1.10547	1.10547	1.10547	2019.12.08 00:00:00
1.10588	1.10588	1.10588	1.10578	1.10578	1.10578	2019.12.09 00:00:00
1.10649	1.10649	1.10649	1.10639	1.10639	1.10639	2019.12.10 00:00:00
1.10929	1.10929	1.10929	1.10919	1.10919	1.10919	2019.12.11 00:00:00
1.11332	1.11332	1.11332	1.11322	1.11322	1.11322	2019.12.12 00:00:00
1.11839	1.11839	1.11839	1.11829	1.11829	1.11829	2019.12.13 00:00:00
1.11329	1.11329	1.11329	1.11249	1.11249	1.11249	2019.12.15 00:00:00
1.11248	1.11248	1.11248	1.11238	1.11238	1.11238	2019.12.16 00:00:00
1.11361	1.11361	1.11361	1.11351	1.11351	1.11351	2019.12.17 00:00:00
1.11519	1.11519	1.11519	1.11509	1.11509	1.11509	2019.12.18 00:00:00
1.1116	1.1116	1.1116	1.1115	1.1115	1.1115	2019.12.19 00:00:00
1.11238	1.11238	1.11238	1.11228	1.11228	1.11228	2019.12.20 00:00:00
1.10848	1.10848	1.10848	1.10788	1.10788	1.10788	2019.12.22 00:00:00
1.10806	1.10806	1.10806	1.10796	1.10796	1.10796	2019.12.23 00:00:00
1.10926	1.10926	1.10926	1.10916	1.10916	1.10916	2019.12.24 00:00:00
1.10906	1.10906	1.10906	1.10896	1.10896	1.10896	2019.12.26 00:00:00
1.11014	1.11014	1.11014	1.11004	1.11004	1.11004	2019.12.27 00:00:00
1.11816	1.11816	1.11816	1.11736	1.11736	1.11736	2019.12.29 00:00:00
1.11819	1.11819	1.11819	1.11809	1.11809	1.11809	2019.12.30 00:00:00
1.1202	1.1202	1.1202	1.1201	1.1201	1.1201	2019.12.31 00:00:00
1.12189	1.12189	1.12189	1.12179	1.12179	1.12179	2020.01.02 00:00:00
1.11714	1.11714	1.11714	1.11704	1.11704	1.11704	2020.01.03 00:00:00
1.11696	1.11696	1.11696	1.11616	1.11616	1.11616	2020.01.05 00:00:00
1.1161	1.1161	1.1161	1.116	1.116	1.116	2020.01.06 00:00:00
1.1196	1.1196	1.1196	1.1195	1.1195	1.1195	2020.01.07 00:00:00
1.11543	1.11543	1.11543	1.11533	1.11533	1.11533	2020.01.08 00:00:00
1.11135	1.11135	1.11135	1.11125	1.11125	1.11125	2020.01.09 00:00:00
1.11098	1.11098	1.11098	1.11088	1.11088	1.11088	2020.01.10 00:00:00
1.11225	1.11225	1.11225	1.11145	1.11145	1.11145	2020.01.12 00:00:00
1.11168	1.11168	1.11168	1.11158	1.11158	1.11158	2020.01.13 00:00:00
1.11351	1.11351	1.11351	1.11341	1.11341	1.11341	2020.01.14 00:00:00
1.11282	1.11282	1.11282	1.11272	1.11272	1.11272	2020.01.15 00:00:00
1.1153	1.1153	1.1153	1.1152	1.1152	1.1152	2020.01.16 00:00:00
1.11376	1.11376	1.11376	1.11366	1.11366	1.11366	2020.01.17 00:00:00
1.10956	1.10956	1.10956	1.10896	1.10896	1.10896	2020.01.19 00:00:00
1.10951	1.10951	1.10951	1.10941	1.10941	1.10941	2020.01.20 00:00:00
1.10968	1.10968	1.10968	1.10958	1.10958	1.10958	2020.01.21 00:00:00
1.10857	1.10857	1.10857	1.10847	1.10847	1.10847	2020.01.22 00:00:00
1.10963	1.10963	1.10963	1.10953	1.10953	1.10953	2020.01.23 00:00:00
1.10555	1.10555	1.10555	1.10545	1.10545	1.10545	2020.01.24 00:00:00
1.10359	1.10359	1.10359	1.10279	1.10279	1.10279	2020.01.26 00:00:00
1.1025	1.1025	1.1025	1.1024	1.1024	1.1024	2020.01.27 00:00:00
1.102	1.102	1.102	1.1019	1.1019	1.1019	2020.01.28 00:00:00
1.10227	1.10227	1.10227	1.10217	1.10217	1.10217	2020.01.29 00:00:00
1.10143	1.10143	1.10143	1.10133	1.10133	1.10133	2020.01.30 00:00:00
1.10293	1.10293	1.10293	1.10283	1.10283	1.10283	2020.01.31 00:00:00
1.10975	1.10975	1.10975	1.10895	1.10895	1.10895	2020.02.02 00:00:00
1.10897	1.10897	1.10897	1.10887	1.10887	1.10887	2020.02.03 00:00:00
1.10629	1.10629	1.10629	1.10619	1.10619	1.10619	2020.02.04 00:00:00
1.10453	1.10453	1.10453	1.10443	1.10443	1.10443	2020.02.05 00:00:00
1.10009	1.10009	1.10009	1.09999	1.09999	1.09999	2020.02.06 00:00:00
1.09814	1.09814	1.09814	1.09804	1.09804	1.09804	2020.02.07 00:00:00
1.09478	1.09478	1.09478	1.09398	1.09398	1.09398	2020.02.09 00:00:00
1.09498	1.09498	1.09498	1.09488	1.09488	1.09488	2020.02.10 00:00:00
1.09108	1.09108	1.09108	1.09098	1.09098	1.09098	2020.02.11 00:00:00
1.09195	1.09195	1.09195	1.09185	1.09185	1.09185	2020.02.12 00:00:00
1.08758	1.08758	1.08758	1.08748	1.08748	1.08748	2020.02.13 00:00:00
1.0842	1.0842	1.0842	1.0841	1.0841	1.0841	2020.02.14 00:00:00
1.08445	1.08445	1.08445	1.08385	1.08385	1.08385	2020.02.16 00:00:00
1.08418	1.08418	1.08418	1.08408	1.08408	1.08408	2020.02.17 00:00:00
1.08373	1.08373	1.08373	1.08363	1.08363	1.08363	2020.02.18 00:00:00
1.07955	1.07955	1.07955	1.07945	1.07945	1.07945	2020.02.19 00:00:00
1.08103	1.08103	1.08103	1.08093	1.08093	1.08093	2020.02.20 00:00:00
1.07882	1.07882	1.07882	1.07872	1.07872	1.07872	2020.02.21 00:00:00
1.08294	1.08294	1.08294	1.08214	1.08214	1.08214	2020.02.23 00:00:00
1.08391	1.08391	1.08391	1.08381	1.08381	1.08381	2020.02.24 00:00:00
1.08493	1.08493	1.08493	1.08483	1.08483	1.08483	2020.02.25 00:00:00
1.088	1.088	1.088	1.0879	1.0879	1.0879	2020.02.26 00:00:00
1.08866	1.08866	1.08866	1.08856	1.08856	1.08856	2020.02.27 00:00:00
1.09968	1.09968	1.09968	1.09958	1.09958	1.09958	2020.02.28 00:00:00
1.10471	1.10471	1.10471	1.10411	1.10411	1.10411	2020.03.01 00:00:00
1.10523	1.10523	1.10523	1.10513	1.10513	1.10513	2020.03.02 00:00:00
1.11445	1.11445	1.11445	1.11435	1.11435	1.11435	2020.03.03 00:00:00
1.11772	1.11772	1.11772	1.11762	1.11762	1.11762	2020.03.04 00:00:00
1.11388	1.11388	1.11388	1.11378	1.11378	1.11378	2020.03.05 00:00:00
1.1223	1.1223	1.1223	1.1222	1.1222	1.1222	2020.03.06 00:00:00
1.13503	1.13503	1.13503	1.13423	1.13423	1.13423	2020.03.08 00:00:00
1.13883	1.13883	1.13883	1.13873	1.13873	1.13873	2020.03.09 00:00:00
1.13998	1.13998	1.13998	1.13988	1.13988	1.13988	2020.03.10 00:00:00
1.13146	1.13146	1.13146	1.13136	1.13136	1.13136	2020.03.11 00:00:00
1.12619	1.12619	1.12619	1.12609	1.12609	1.12609	2020.03.12 00:00:00
1.11832	1.11832	1.11832	1.11822	1.11822	1.11822	2020.03.13 00:00:00
1.11301	1.11301	1.11301	1.11221	1.11221	1.11221	2020.03.15 00:00:00
1.11581	1.11581	1.11581	1.11571	1.11571	1.11571	2020.03.16 00:00:00
1.11641	1.11641	1.11641	1.11631	1.11631	1.11631	2020.03.17 00:00:00
1.10171	1.10171	1.10171	1.10161	1.10161	1.10161	2020.03.18 00:00:00
1.09449	1.09449	1.09449	1.09439	1.09439	1.09439	2020.03.19 00:00:00
1.06554	1.06554	1.06554	1.06544	1.06544	1.06544	2020.03.20 00:00:00
1.07101	1.07101	1.07101	1.07021	1.07021	1.07021	2020.03.22 00:00:00
1.06897	1.06897	1.06897	1.06887	1.06887	1.06887	2020.03.23 00:00:00
1.07642	1.07642	1.07642	1.07632	1.07632	1.07632	2020.03.24 00:00:00
1.0799	1.0799	1.0799	1.0798	1.0798	1.0798	2020.03.25 00:00:00
1.08892	1.08892	1.08892	1.08882	1.08882	1.08882	2020.03.26 00:00:00
1.10483	1.10483	1.10483	1.10473	1.10473	1.10473	2020.03.27 00:00:00
1.1125	1.1125	1.1125	1.1117	1.1117	1.1117	2020.03.29 00:00:00
1.11371	1.11371	1.11371	1.11361	1.11361	1.11361	2020.03.30 00:00:00
1.10296	1.10296	1.10296	1.10286	1.10286	1.10286	2020.03.31 00:00:00
1.10267	1.10267	1.10267	1.10257	1.10257	1.10257	2020.04.01 00:00:00
1.0952	1.0952	1.0952	1.0951	1.0951	1.0951	2020.04.02 00:00:00
1.08465	1.08465	1.08465	1.08455	1.08455	1.08455	2020.04.03 00:00:00
1.08192	1.08192	1.08192	1.08112	1.08112	1.08112	2020.04.05 00:00:00
1.0806	1.0806	1.0806	1.0805	1.0805	1.0805	2020.04.06 00:00:00
1.07995	1.07995	1.07995	1.07985	1.07985	1.07985	2020.04.07 00:00:00
1.0894	1.0894	1.0894	1.08932	1.08932	1.08932	2020.04.08 00:00:00
1.08603	1.08603	1.08603	1.08595	1.08595	1.08595	2020.04.09 00:00:00
1.0924	1.0924	1.0924	1.09216	1.09216	1.09216	2020.04.10 00:00:00
1.09456	1.09456	1.09456	1.09376	1.09376	1.09376	2020.04.12 00:00:00
1.0932	1.0932	1.0932	1.09312	1.09312	1.09312	2020.04.13 00:00:00
1.09201	1.09201	1.09201	1.09193	1.09193	1.09193	2020.04.14 00:00:00
1.09839	1.09839	1.09839	1.09831	1.09831	1.09831	2020.04.15 00:00:00
1.09043	1.09043	1.09043	1.09033	1.09033	1.09033	2020.04.16 00:00:00
1.08594	1.08594	1.08594	1.08584	1.08584	1.08584	2020.04.17 00:00:00
1.08752	1.08752	1.08752	1.08672	1.08672	1.08672	2020.04.19 00:00:00
1.08643	1.08643	1.08643	1.08633	1.08633	1.08633	2020.04.20 00:00:00
1.08644	1.08644	1.08644	1.08634	1.08634	1.08634	2020.04.21 00:00:00
1.0857	1.0857	1.0857	1.0856	1.0856	1.0856	2020.04.22 00:00:00
1.08068	1.08068	1.08068	1.08058	1.08058	1.08058	2020.04.23 00:00:00
1.0775	1.0775	1.0775	1.0774	1.0774	1.0774	2020.04.24 00:00:00
1.08262	1.08262	1.08262	1.08182	1.08182	1.08182	2020.04.26 00:00:00
1.08215	1.08215	1.08215	1.08205	1.08205	1.08205	2020.04.27 00:00:00
1.08249	1.08249	1.08249	1.08239	1.08239	1.08239	2020.04.28 00:00:00
1.08332	1.08332	1.08332	1.08322	1.08322	1.08322	2020.04.29 00:00:00
1.08778	1.08778	1.08778	1.08768	1.08768	1.08768	2020.04.30 00:00:00
1.09455	1.09455	1.09455	1.09445	1.09445	1.09445	2020.05.01 00:00:00
1.09775	1.09775	1.09775	1.09695	1.09695	1.09695	2020.05.03 00:00:00
1.09614	1.09614	1.09614	1.09604	1.09604	1.09604	2020.05.04 00:00:00
1.09039	1.09039	1.09039	1.09029	1.09029	1.09029	2020.05.05 00:00:00
1.08391	1.08391	1.08391	1.08381	1.08381	1.08381	2020.05.06 00:00:00
1.07987	1.07987	1.07987	1.07977	1.07977	1.07977	2020.05.07 00:00:00
1.08369	1.08369	1.08369	1.08359	1.08359	1.08359	2020.05.08 00:00:00
1.08298	1.08298	1.08298	1.08238	1.08238	1.08238	2020.05.10 00:00:00
1.08384	1.08384	1.08384	1.08374	1.08374	1.08374	2020.05.11 00:00:00
1.08099	1.08099	1.08099	1.08089	1.08089	1.08089	2020.05.12 00:00:00
1.08461	1.08461	1.08461	1.08451	1.08451	1.08451	2020.05.13 00:00:00
1.08217	1.08217	1.08217	1.08207	1.08207	1.08207	2020.05.14 00:00:00
1.08067	1.08067	1.08067	1.08057	1.08057	1.08057	2020.05.15 00:00:00
1.08161	1.08161	1.08161	1.08081	1.08081	1.08081	2020.05.17 00:00:00
1.08193	1.08193	1.08193	1.08183	1.08183	1.08183	2020.05.18 00:00:00
1.09146	1.09146	1.09146	1.09136	1.09136	1.09136	2020.05.19 00:00:00
1.09265	1.09265	1.09265	1.09255	1.09255	1.09255	2020.05.20 00:00:00
1.09804	1.09804	1.09804	1.09794	1.09794	1.09794	2020.05.21 00:00:00
1.09497	1.09497	1.09497	1.09487	1.09487	1.09487	2020.05.22 00:00:00
1.0901	1.0901	1.0901	1.0895	1.0895	1.0895	2020.05.24 00:00:00
1.09083	1.09083	1.09083	1.09073	1.09073	1.09073	2020.05.25 00:00:00
1.09022	1.09022	1.09022	1.09012	1.09012	1.09012	2020.05.26 00:00:00
1.0979	1.0979	1.0979	1.0978	1.0978	1.0978	2020.05.27 00:00:00
1.10172	1.10172	1.10172	1.10162	1.10162	1.10162	2020.05.28 00:00:00
1.10787	1.10787	1.10787	1.10777	1.10777	1.10777	2020.05.29 00:00:00
1.11213	1.11213	1.11213	1.11113	1.11113	1.11113	2020.05.31 00:00:00
1.11163	1.11163	1.11163	1.11153	1.11153	1.11153	2020.06.01 00:00:00
1.11259	1.11259	1.11259	1.11249	1.11249	1.11249	2020.06.02 00:00:00
1.11857	1.11857	1.11857	1.11847	1.11847	1.11847	2020.06.03 00:00:00
1.12356	1.12356	1.12356	1.12346	1.12346	1.12346	2020.06.04 00:00:00
1.13361	1.13361	1.13361	1.13351	1.13351	1.13351	2020.06.05 00:00:00
1.13039	1.13039	1.13039	1.12939	1.12939	1.12939	2020.06.07 00:00:00
1.13167	1.13167	1.13167	1.13157	1.13157	1.13157	2020.06.08 00:00:00
1.13048	1.13048	1.13048	1.13038	1.13038	1.13038	2020.06.09 00:00:00
1.13328	1.13328	1.13328	1.13318	1.13318	1.13318	2020.06.10 00:00:00
1.13675	1.13675	1.13675	1.13665	1.13665	1.13665	2020.06.11 00:00:00
1.12886	1.12886	1.12886	1.12876	1.12876	1.12876	2020.06.12 00:00:00
1.12427	1.12427	1.12427	1.12327	1.12327	1.12327	2020.06.14 00:00:00
1.12523	1.12523	1.12523	1.12513	1.12513	1.12513	2020.06.15 00:00:00
1.13382	1.13382	1.13382	1.13372	1.13372	1.13372	2020.06.16 00:00:00
1.12656	1.12656	1.12656	1.12646	1.12646	1.12646	2020.06.17 00:00:00
1.12426	1.12426	1.12426	1.12416	1.12416	1.12416	2020.06.18 00:00:00
1.12083	1.12083	1.12083	1.12073	1.12073	1.12073	2020.06.19 00:00:00
1.11878	1.11878	1.11878	1.11778	1.11778	1.11778	2020.06.21 00:00:00
1.11773	1.11773	1.11773	1.11763	1.11763	1.11763	2020.06.22 00:00:00
1.12783	1.12783	1.12783	1.12773	1.12773	1.12773	2020.06.23 00:00:00
1.13132	1.13132	1.13132	1.13122	1.13122	1.13122	2020.06.24 00:00:00
1.12504	1.12504	1.12504	1.12494	1.12494	1.12494	2020.06.25 00:00:00
1.12185	1.12185	1.12185	1.12175	1.12175	1.12175	2020.06.26 00:00:00
1.12281	1.12281	1.12281	1.12191	1.12191	1.12191	2020.06.28 00:00:00
1.12222	1.12222	1.12222	1.12212	1.12212	1.12212	2020.06.29 00:00:00
1.12473	1.12473	1.12473	1.12463	1.12463	1.12463	2020.06.30 00:00:00
1.12343	1.12343	1.12343	1.12333	1.12333	1.12333	2020.07.01 00:00:00
1.12523	1.12523	1.12523	1.12513	1.12513	1.12513	2020.07.02 00:00:00
1.12378	1.12378	1.12378	1.12368	1.12368	1.12368	2020.07.03 00:00:00
1.12481	1.12481	1.12481	1.12421	1.12421	1.12421	2020.07.05 00:00:00
1.12473	1.12473	1.12473	1.12463	1.12463	1.12463	2020.07.06 00:00:00
1.13131	1.13131	1.13131	1.13121	1.13121	1.13121	2020.07.07 00:00:00
1.12751	1.12751	1.12751	1.12741	1.12741	1.12741	2020.07.08 00:00:00
1.13379	1.13379	1.13379	1.13369	1.13369	1.13369	2020.07.09 00:00:00
1.12882	1.12882	1.12882	1.12872	1.12872	1.12872	2020.07.10 00:00:00
1.13099	1.13099	1.13099	1.13002	1.13002	1.13002	2020.07.12 00:00:00
1.13101	1.13101	1.13101	1.13091	1.13091	1.13091	2020.07.13 00:00:00
1.13455	1.13455	1.13455	1.13445	1.13445	1.13445	2020.07.14 00:00:00
1.14107	1.14107	1.14107	1.14097	1.14097	1.14097	2020.07.15 00:00:00
1.14176	1.14176	1.14176	1.14166	1.14166	1.14166	2020.07.16 00:00:00
1.13891	1.13891	1.13891	1.13881	1.13881	1.13881	2020.07.17 00:00:00
1.14246	1.14246	1.14246	1.14146	1.14146	1.14146	2020.07.19 00:00:00
1.14428	1.14428	1.14428	1.14418	1.14418	1.14418	2020.07.20 00:00:00
1.1458	1.1458	1.1458	1.1457	1.1457	1.1457	2020.07.21 00:00:00
1.15348	1.15348	1.15348	1.15338	1.15338	1.15338	2020.07.22 00:00:00
1.15663	1.15663	1.15663	1.15653	1.15653	1.15653	2020.07.23 00:00:00
1.15959	1.15959	1.15959	1.15949	1.15949	1.15949	2020.07.24 00:00:00
1.16467	1.16467	1.16467	1.16407	1.16407	1.16407	2020.07.26 00:00:00
1.16527	1.16527	1.16527	1.16517	1.16517	1.16517	2020.07.27 00:00:00
1.17693	1.17693	1.17693	1.17683	1.17683	1.17683	2020.07.28 00:00:00
1.17188	1.17188	1.17188	1.17178	1.17178	1.17178	2020.07.29 00:00:00
1.17833	1.17833	1.17833	1.17823	1.17823	1.17823	2020.07.30 00:00:00
1.18732	1.18732	1.18732	1.18722	1.18722	1.18722	2020.07.31 00:00:00
1.17801	1.17801	1.17801	1.17701	1.17701	1.17701	2020.08.02 00:00:00
1.17816	1.17816	1.17816	1.17806	1.17806	1.17806	2020.08.03 00:00:00
1.17611	1.17611	1.17611	1.17601	1.17601	1.17601	2020.08.04 00:00:00
1.18147	1.18147	1.18147	1.18137	1.18137	1.18137	2020.08.05 00:00:00
1.18734	1.18734	1.18734	1.18724	1.18724	1.18724	2020.08.06 00:00:00
1.18762	1.18762	1.18762	1.18752	1.18752	1.18752	2020.08.07 00:00:00
1.17939	1.17939	1.17939	1.17853	1.17853	1.17853	2020.08.09 00:00:00
1.17824	1.17824	1.17824	1.17814	1.17814	1.17814	2020.08.10 00:00:00
1.17376	1.17376	1.17376	1.17366	1.17366	1.17366	2020.08.11 00:00:00
1.17364	1.17364	1.17364	1.17354	1.17354	1.17354	2020.08.12 00:00:00
1.17942	1.17942	1.17942	1.17932	1.17932	1.17932	2020.08.13 00:00:00
1.18169	1.18169	1.18169	1.18159	1.18159	1.18159	2020.08.14 00:00:00
1.18459	1.18459	1.18459	1.1837	1.1837	1.1837	2020.08.16 00:00:00
1.18531	1.18531	1.18531	1.18521	1.18521	1.18521	2020.08.17 00:00:00
1.18753	1.18753	1.18753	1.18743	1.18743	1.18743	2020.08.18 00:00:00
1.19468	1.19468	1.19468	1.19458	1.19458	1.19458	2020.08.19 00:00:00
1.18443	1.18443	1.18443	1.18433	1.18433	1.18433	2020.08.20 00:00:00
1.18703	1.18703	1.18703	1.18693	1.18693	1.18693	2020.08.21 00:00:00
1.18011	1.18011	1.18011	1.17911	1.17911	1.17911	2020.08.23 00:00:00
1.17988	1.17988	1.17988	1.17978	1.17978	1.17978	2020.08.24 00:00:00
1.17942	1.17942	1.17942	1.17932	1.17932	1.17932	2020.08.25 00:00:00
1.18347	1.18347	1.18347	1.18337	1.18337	1.18337	2020.08.26 00:00:00
1.18407	1.18407	1.18407	1.18397	1.18397	1.18397	2020.08.27 00:00:00
1.18211	1.18211	1.18211	1.18201	1.18201	1.18201	2020.08.28 00:00:00
1.19106	1.19106	1.19106	1.19006	1.19006	1.19006	2020.08.30 00:00:00
1.19178	1.19178	1.19178	1.19168	1.19168	1.19168	2020.08.31 00:00:00
1.19373	1.19373	1.19373	1.19363	1.19363	1.19363	2020.09.01 00:00:00
1.19232	1.19232	1.19232	1.19222	1.19222	1.19222	2020.09.02 00:00:00
1.18464	1.18464	1.18464	1.18454	1.18454	1.18454	2020.09.03 00:00:00
1.18419	1.18419	1.18419	1.18409	1.18409	1.18409	2020.09.04 00:00:00
1.18514	1.18514	1.18514	1.18414	1.18414	1.18414	2020.09.06 00:00:00
1.18352	1.18352	1.18352	1.18342	1.18342	1.18342	2020.09.07 00:00:00
1.18193	1.18193	1.18193	1.18183	1.18183	1.18183	2020.09.08 00:00:00
1.17673	1.17673	1.17673	1.17663	1.17663	1.17663	2020.09.09 00:00:00
1.18042	1.18042	1.18042	1.18032	1.18032	1.18032	2020.09.10 00:00:00
1.18241	1.18241	1.18241	1.18231	1.18231	1.18231	2020.09.11 00:00:00
1.18438	1.18438	1.18438	1.18338	1.18338	1.18338	2020.09.13 00:00:00
1.1841	1.1841	1.1841	1.184	1.184	1.184	2020.09.14 00:00:00
1.18677	1.18677	1.18677	1.18667	1.18667	1.18667	2020.09.15 00:00:00
1.18426	1.18426	1.18426	1.18416	1.18416	1.18416	2020.09.16 00:00:00
1.18051	1.18051	1.18051	1.18041	1.18041	1.18041	2020.09.17 00:00:00
1.18476	1.18476	1.18476	1.18466	1.18466	1.18466	2020.09.18 00:00:00
1.18529	1.18529	1.18529	1.18429	1.18429	1.18429	2020.09.20 00:00:00
1.1846	1.1846	1.1846	1.1845	1.1845	1.1845	2020.09.21 00:00:00
1.17634	1.17634	1.17634	1.17624	1.17624	1.17624	2020.09.22 00:00:00
1.17068	1.17068	1.17068	1.17058	1.17058	1.17058	2020.09.23 00:00:00
1.16576	1.16576	1.16576	1.16566	1.16566	1.16566	2020.09.24 00:00:00
1.16741	1.16741	1.16741	1.16731	1.16731	1.16731	2020.09.25 00:00:00
1.16294	1.16294	1.16294	1.16194	1.16194	1.16194	2020.09.27 00:00:00
1.16348	1.16348	1.16348	1.16338	1.16338	1.16338	2020.09.28 00:00:00
1.16776	1.16776	1.16776	1.16766	1.16766	1.16766	2020.09.29 00:00:00
1.17423	1.17423	1.17423	1.17413	1.17413	1.17413	2020.09.30 00:00:00
1.17239	1.17239	1.17239	1.17229	1.17229	1.17229	2020.10.01 00:00:00
1.17446	1.17446	1.17446	1.17436	1.17436	1.17436	2020.10.02 00:00:00
1.17201	1.17201	1.17201	1.17101	1.17101	1.17101	2020.10.04 00:00:00
1.17203	1.17203	1.17203	1.17193	1.17193	1.17193	2020.10.05 00:00:00
1.17897	1.17897	1.17897	1.17887	1.17887	1.17887	2020.10.06 00:00:00
1.17377	1.17377	1.17377	1.17367	1.17367	1.17367	2020.10.07 00:00:00
1.17663	1.17663	1.17663	1.17653	1.17653	1.17653	2020.10.08 00:00:00
1.17674	1.17674	1.17674	1.17664	1.17664	1.17664	2020.10.09 00:00:00
1.18221	1.18221	1.18221	1.18121	1.18121	1.18121	2020.10.11 00:00:00
1.18164	1.18164	1.18164	1.18154	1.18154	1.18154	2020.10.12 00:00:00
1.18135	1.18135	1.18135	1.18125	1.18125	1.18125	2020.10.13 00:00:00
1.17426	1.17426	1.17426	1.17416	1.17416	1.17416	2020.10.14 00:00:00
1.17453	1.17453	1.17453	1.17443	1.17443	1.17443	2020.10.15 00:00:00
1.17071	1.17071	1.17071	1.17061	1.17061	1.17061	2020.10.16 00:00:00
1.17256	1.17256	1.17256	1.17156	1.17156	1.17156	2020.10.18 00:00:00
1.17161	1.17161	1.17161	1.17151	1.17151	1.17151	2020.10.19 00:00:00
1.1769	1.1769	1.1769	1.1768	1.1768	1.1768	2020.10.20 00:00:00
1.18295	1.18295	1.18295	1.18285	1.18285	1.18285	2020.10.21 00:00:00
1.18521	1.18521	1.18521	1.18511	1.18511	1.18511	2020.10.22 00:00:00
1.18152	1.18152	1.18152	1.18142	1.18142	1.18142	2020.10.23 00:00:00
1.18614	1.18614	1.18614	1.18514	1.18514	1.18514	2020.10.25 00:00:00
1.18486	1.18486	1.18486	1.18476	1.18476	1.18476	2020.10.26 00:00:00
1.18096	1.18096	1.18096	1.18086	1.18086	1.18086	2020.10.27 00:00:00
1.17823	1.17823	1.17823	1.17813	1.17813	1.17813	2020.10.28 00:00:00
1.17488	1.17488	1.17488	1.17478	1.17478	1.17478	2020.10.29 00:00:00
1.16787	1.16787	1.16787	1.16777	1.16777	1.16777	2020.10.30 00:00:00
1.16544	1.16544	1.16544	1.16449	1.16449	1.16449	2020.11.01 00:00:00
1.16422	1.16422	1.16422	1.16412	1.16412	1.16412	2020.11.02 00:00:00
1.1641	1.1641	1.1641	1.164	1.164	1.164	2020.11.03 00:00:00
1.17624	1.17624	1.17624	1.17614	1.17614	1.17614	2020.11.04 00:00:00
1.17328	1.17328	1.17328	1.17318	1.17318	1.17318	2020.11.05 00:00:00
1.18174	1.18174	1.18174	1.18164	1.18164	1.18164	2020.11.06 00:00:00
1.1893	1.1893	1.1893	1.1883	1.1883	1.1883	2020.11.08 00:00:00
1.18931	1.18931	1.18931	1.18921	1.18921	1.18921	2020.11.09 00:00:00
1.18248	1.18248	1.18248	1.18238	1.18238	1.18238	2020.11.10 00:00:00
1.1819	1.1819	1.1819	1.1818	1.1818	1.1818	2020.11.11 00:00:00
1.17799	1.17799	1.17799	1.17789	1.17789	1.17789	2020.11.12 00:00:00
1.18046	1.18046	1.18046	1.18036	1.18036	1.18036	2020.11.13 00:00:00
1.18405	1.18405	1.18405	1.18305	1.18305	1.18305	2020.11.15 00:00:00
1.18453	1.18453	1.18453	1.18443	1.18443	1.18443	2020.11.16 00:00:00
1.18599	1.18599	1.18599	1.18589	1.18589	1.18589	2020.11.17 00:00:00
1.18642	1.18642	1.18642	1.18632	1.18632	1.18632	2020.11.18 00:00:00
1.18459	1.18459	1.18459	1.18449	1.18449	1.18449	2020.11.19 00:00:00
1.1866	1.1866	1.1866	1.1865	1.1865	1.1865	2020.11.20 00:00:00
1.18607	1.18607	1.18607	1.18507	1.18507	1.18507	2020.11.22 00:00:00
1.18662	1.18662	1.18662	1.18652	1.18652	1.18652	2020.11.23 00:00:00
1.18429	1.18429	1.18429	1.18419	1.18419	1.18419	2020.11.24 00:00:00
1.18981	1.18981	1.18981	1.18971	1.18971	1.18971	2020.11.25 00:00:00
1.1917	1.1917	1.1917	1.1916	1.1916	1.1916	2020.11.26 00:00:00
1.19116	1.19116	1.19116	1.19106	1.19106	1.19106	2020.11.27 00:00:00
1.19683	1.19683	1.19683	1.19583	1.19583	1.19583	2020.11.29 00:00:00
1.19733	1.19733	1.19733	1.19708	1.19708	1.19708	2020.11.30 00:00:00
1.19379	1.19379	1.19379	1.19369	1.19369	1.19369	2020.12.01 00:00:00
1.20713	1.20713	1.20713	1.20703	1.20703	1.20703	2020.12.02 00:00:00
1.21146	1.21146	1.21146	1.21136	1.21136	1.21136	2020.12.03 00:00:00
1.21457	1.21457	1.21457	1.21447	1.21447	1.21447	2020.12.04 00:00:00
1.21319	1.21319	1.21319	1.21219	1.21219	1.21219	2020.12.06 00:00:00
1.21207	1.21207	1.21207	1.21197	1.21197	1.21197	2020.12.07 00:00:00
1.21101	1.21101	1.21101	1.21091	1.21091	1.21091	2020.12.08 00:00:00
1.21101	1.21101	1.21101	1.21091	1.21091	1.21091	2020.12.09 00:00:00
1.2079	1.2079	1.2079	1.2078	1.2078	1.2078	2020.12.10 00:00:00
1.2144	1.2144	1.2144	1.2143	1.2143	1.2143	2020.12.11 00:00:00
1.214	1.214	1.214	1.213	1.213	1.213	2020.12.13 00:00:00
1.21338	1.21338	1.21338	1.21328	1.21328	1.21328	2020.12.14 00:00:00
1.21493	1.21493	1.21493	1.21483	1.21483	1.21483	2020.12.15 00:00:00
1.21549	1.21549	1.21549	1.21539	1.21539	1.21539	2020.12.16 00:00:00
1.21967	1.21967	1.21967	1.21957	1.21957	1.21957	2020.12.17 00:00:00
1.2262	1.2262	1.2262	1.2261	1.2261	1.2261	2020.12.18 00:00:00
1.22326	1.22326	1.22326	1.22226	1.22226	1.22226	2020.12.20 00:00:00
1.22124	1.22124	1.22124	1.22114	1.22114	1.22114	2020.12.21 00:00:00
1.22355	1.22355	1.22355	1.22345	1.22345	1.22345	2020.12.22 00:00:00
1.2188	1.2188	1.2188	1.2187	1.2187	1.2187	2020.12.23 00:00:00
1.21946	1.21946	1.21946	1.21936	1.21936	1.21936	2020.12.24 00:00:00
1.21959	1.21959	1.21959	1.21859	1.21859	1.21859	2020.12.27 00:00:00
1.22046	1.22046	1.22046	1.22036	1.22036	1.22036	2020.12.28 00:00:00
1.22202	1.22202	1.22202	1.22192	1.22192	1.22192	2020.12.29 00:00:00
1.22529	1.22529	1.22529	1.22519	1.22519	1.22519	2020.12.30 00:00:00
1.22992	1.22992	1.22992	1.22982	1.22982	1.22982	2020.12.31 00:00:00
1.22387	1.22387	1.22387	1.22287	1.22287	1.22287	2021.01.03 00:00:00
1.22505	1.22505	1.22505	1.22495	1.22495	1.22495	2021.01.04 00:00:00
1.22533	1.22533	1.22533	1.22523	1.22523	1.22523	2021.01.05 00:00:00
1.22992	1.22992	1.22992	1.22982	1.22982	1.22982	2021.01.06 00:00:00
1.23389	1.23389	1.23389	1.23379	1.23379	1.23379	2021.01.07 00:00:00
1.22697	1.22697	1.22697	1.22687	1.22687	1.22687	2021.01.08 00:00:00
1.22228	1.22228	1.22228	1.22128	1.22128	1.22128	2021.01.10 00:00:00
1.21877	1.21877	1.21877	1.21867	1.21867	1.21867	2021.01.11 00:00:00
1.21611	1.21611	1.21611	1.21601	1.21601	1.21601	2021.01.12 00:00:00
1.22093	1.22093	1.22093	1.22083	1.22083	1.22083	2021.01.13 00:00:00
1.21625	1.21625	1.21625	1.21615	1.21615	1.21615	2021.01.14 00:00:00
1.21513	1.21513	1.21513	1.21503	1.21503	1.21503	2021.01.15 00:00:00
1.20843	1.20843	1.20843	1.20743	1.20743	1.20743	2021.01.17 00:00:00
1.20669	1.20669	1.20669	1.20659	1.20659	1.20659	2021.01.18 00:00:00
1.20783	1.20783	1.20783	1.20773	1.20773	1.20773	2021.01.19 00:00:00
1.21399	1.21399	1.21399	1.21389	1.21389	1.21389	2021.01.20 00:00:00
1.21152	1.21152	1.21152	1.21142	1.21142	1.21142	2021.01.21 00:00:00
1.21662	1.21662	1.21662	1.21652	1.21652	1.21652	2021.01.22 00:00:00
1.21721	1.21721	1.21721	1.21621	1.21621	1.21621	2021.01.24 00:00:00
1.21676	1.21676	1.21676	1.21666	1.21666	1.21666	2021.01.25 00:00:00
1.21435	1.21435	1.21435	1.21425	1.21425	1.21425	2021.01.26 00:00:00
1.21639	1.21639	1.21639	1.21629	1.21629	1.21629	2021.01.27 00:00:00
1.21035	1.21035	1.21035	1.21025	1.21025	1.21025	2021.01.28 00:00:00
1.21216	1.21216	1.21216	1.21206	1.21206	1.21206	2021.01.29 00:00:00
1.21368	1.21368	1.21368	1.21268	1.21268	1.21268	2021.01.31 00:00:00
1.21234	1.21234	1.21234	1.21224	1.21224	1.21224	2021.02.01 00:00:00
1.20683	1.20683	1.20683	1.20673	1.20673	1.20673	2021.02.02 00:00:00
1.20373	1.20373	1.20373	1.20363	1.20363	1.20363	2021.02.03 00:00:00
1.20419	1.20419	1.20419	1.20409	1.20409	1.20409	2021.02.04 00:00:00
1.19669	1.19669	1.19669	1.19659	1.19659	1.19659	2021.02.05 00:00:00
1.20467	1.20467	1.20467	1.20367	1.20367	1.20367	2021.02.07 00:00:00
1.2049	1.2049	1.2049	1.2048	1.2048	1.2048	2021.02.08 00:00:00
1.20528	1.20528	1.20528	1.20518	1.20518	1.20518	2021.02.09 00:00:00
1.21168	1.21168	1.21168	1.21158	1.21158	1.21158	2021.02.10 00:00:00
1.21196	1.21196	1.21196	1.21186	1.21186	1.21186	2021.02.11 00:00:00
1.21312	1.21312	1.21312	1.21302	1.21302	1.21302	2021.02.12 00:00:00
1.21289	1.21289	1.21289	1.21189	1.21189	1.21189	2021.02.14 00:00:00
1.21209	1.21209	1.21209	1.21199	1.21199	1.21199	2021.02.15 00:00:00
1.21327	1.21327	1.21327	1.21317	1.21317	1.21317	2021.02.16 00:00:00
1.20886	1.20886	1.20886	1.20876	1.20876	1.20876	2021.02.17 00:00:00
1.2046	1.2046	1.2046	1.2045	1.2045	1.2045	2021.02.18 00:00:00
1.20924	1.20924	1.20924	1.20914	1.20914	1.20914	2021.02.19 00:00:00
1.21251	1.21251	1.21251	1.21151	1.21151	1.21151	2021.02.21 00:00:00
1.21252	1.21252	1.21252	1.21242	1.21242	1.21242	2021.02.22 00:00:00
1.21645	1.21645	1.21645	1.21635	1.21635	1.21635	2021.02.23 00:00:00
1.21513	1.21513	1.21513	1.21503	1.21503	1.21503	2021.02.24 00:00:00
1.21701	1.21701	1.21701	1.21691	1.21691	1.21691	2021.02.25 00:00:00
1.21584	1.21584	1.21584	1.21574	1.21574	1.21574	2021.02.26 00:00:00
1.20748	1.20748	1.20748	1.20688	1.20688	1.20688	2021.02.28 00:00:00
1.2091	1.2091	1.2091	1.209	1.209	1.209	2021.03.01 00:00:00
1.20492	1.20492	1.20492	1.20482	1.20482	1.20482	2021.03.02 00:00:00
1.20855	1.20855	1.20855	1.20845	1.20845	1.20845	2021.03.03 00:00:00
1.20471	1.20471	1.20471	1.20461	1.20461	1.20461	2021.03.04 00:00:00
1.1967	1.1967	1.1967	1.1966	1.1966	1.1966	2021.03.05 00:00:00
1.19232	1.19232	1.19232	1.19132	1.19132	1.19132	2021.03.07 00:00:00
1.19268	1.19268	1.19268	1.19258	1.19258	1.19258	2021.03.08 00:00:00
1.18515	1.18515	1.18515	1.18505	1.18505	1.18505	2021.03.09 00:00:00
1.18976	1.18976	1.18976	1.18966	1.18966	1.18966	2021.03.10 00:00:00
1.1925	1.1925	1.1925	1.1924	1.1924	1.1924	2021.03.11 00:00:00
1.19815	1.19815	1.19815	1.19805	1.19805	1.19805	2021.03.12 00:00:00
1.19528	1.19528	1.19528	1.19435	1.19435	1.19435	2021.03.14 00:00:00
1.19507	1.19507	1.19507	1.19497	1.19497	1.19497	2021.03.15 00:00:00
1.19268	1.19268	1.19268	1.19258	1.19258	1.19258	2021.03.16 00:00:00
1.19027	1.19027	1.19027	1.19017	1.19017	1.19017	2021.03.17 00:00:00
1.19832	1.19832	1.19832	1.19822	1.19822	1.19822	2021.03.18 00:00:00
1.19182	1.19182	1.19182	1.19172	1.19172	1.19172	2021.03.19 00:00:00
1.18845	1.18845	1.18845	1.18745	1.18745	1.18745	2021.03.21 00:00:00
1.18843	1.18843	1.18843	1.18833	1.18833	1.18833	2021.03.22 00:00:00
1.19328	1.19328	1.19328	1.19318	1.19318	1.19318	2021.03.23 00:00:00
1.18403	1.18403	1.18403	1.18393	1.18393	1.18393	2021.03.24 00:00:00
1.18134	1.18134	1.18134	1.18124	1.18124	1.18124	2021.03.25 00:00:00
1.17762	1.17762	1.17762	1.17752	1.17752	1.17752	2021.03.26 00:00:00
1.1796	1.1796	1.1796	1.179	1.179	1.179	2021.03.28 00:00:00
1.1788	1.1788	1.1788	1.1787	1.1787	1.1787	2021.03.29 00:00:00
1.17691	1.17691	1.17691	1.17681	1.17681	1.17681	2021.03.30 00:00:00
1.17238	1.17238	1.17238	1.17228	1.17228	1.17228	2021.03.31 00:00:00
1.17276	1.17276	1.17276	1.17266	1.17266	1.17266	2021.04.01 00:00:00
1.17785	1.17785	1.17785	1.1776	1.1776	1.1776	2021.04.02 00:00:00
1.17629	1.17629	1.17629	1.17529	1.17529	1.17529	2021.04.04 00:00:00
1.17681	1.17681	1.17681	1.17673	1.17673	1.17673	2021.04.05 00:00:00
1.18174	1.18174	1.18174	1.18166	1.18166	1.18166	2021.04.06 00:00:00
1.18743	1.18743	1.18743	1.18735	1.18735	1.18735	2021.04.07 00:00:00
1.18729	1.18729	1.18729	1.18721	1.18721	1.18721	2021.04.08 00:00:00
1.19157	1.19157	1.19157	1.19149	1.19149	1.19149	2021.04.09 00:00:00
1.18985	1.18985	1.18985	1.18885	1.18885	1.18885	2021.04.11 00:00:00
1.18964	1.18964	1.18964	1.18956	1.18956	1.18956	2021.04.12 00:00:00
1.19122	1.19122	1.19122	1.19114	1.19114	1.19114	2021.04.13 00:00:00
1.19543	1.19543	1.19543	1.19535	1.19535	1.19535	2021.04.14 00:00:00
1.19837	1.19837	1.19837	1.19829	1.19829	1.19829	2021.04.15 00:00:00
1.19697	1.19697	1.19697	1.19689	1.19689	1.19689	2021.04.16 00:00:00
1.19795	1.19795	1.19795	1.19695	1.19695	1.19695	2021.04.18 00:00:00
1.19692	1.19692	1.19692	1.19684	1.19684	1.19684	2021.04.19 00:00:00
1.20429	1.20429	1.20429	1.20421	1.20421	1.20421	2021.04.20 00:00:00
1.20328	1.20328	1.20328	1.2032	1.2032	1.2032	2021.04.21 00:00:00
1.20377	1.20377	1.20377	1.20369	1.20369	1.20369	2021.04.22 00:00:00
1.20149	1.20149	1.20149	1.20141	1.20141	1.20141	2021.04.23 00:00:00
1.20971	1.20971	1.20971	1.20882	1.20882	1.20882	2021.04.25 00:00:00
1.20899	1.20899	1.20899	1.20891	1.20891	1.20891	2021.04.26 00:00:00
1.208	1.208	1.208	1.20792	1.20792	1.20792	2021.04.27 00:00:00
1.20897	1.20897	1.20897	1.20889	1.20889	1.20889	2021.04.28 00:00:00
1.21352	1.21352	1.21352	1.21344	1.21344	1.21344	2021.04.29 00:00:00
1.2125	1.2125	1.2125	1.21242	1.21242	1.21242	2021.04.30 00:00:00
1.20336	1.20336	1.20336	1.20236	1.20236	1.20236	2021.05.02 00:00:00
1.20277	1.20277	1.20277	1.20269	1.20269	1.20269	2021.05.03 00:00:00
1.20593	1.20593	1.20593	1.20585	1.20585	1.20585	2021.05.04 00:00:00
1.2015	1.2015	1.2015	1.20142	1.20142	1.20142	2021.05.05 00:00:00
1.20079	1.20079	1.20079	1.20071	1.20071	1.20071	2021.05.06 00:00:00
1.20656	1.20656	1.20656	1.20648	1.20648	1.20648	2021.05.07 00:00:00
1.21699	1.21699	1.21699	1.21599	1.21599	1.21599	2021.05.09 00:00:00
1.2171	1.2171	1.2171	1.21702	1.21702	1.21702	2021.05.10 00:00:00
1.21409	1.21409	1.21409	1.21401	1.21401	1.21401	2021.05.11 00:00:00
1.21445	1.21445	1.21445	1.21437	1.21437	1.21437	2021.05.12 00:00:00
1.20781	1.20781	1.20781	1.20773	1.20773	1.20773	2021.05.13 00:00:00
1.20772	1.20772	1.20772	1.20764	1.20764	1.20764	2021.05.14 00:00:00
1.21468	1.21468	1.21468	1.21368	1.21368	1.21368	2021.05.16 00:00:00
1.21503	1.21503	1.21503	1.21495	1.21495	1.21495	2021.05.17 00:00:00
1.21568	1.21568	1.21568	1.2156	1.2156	1.2156	2021.05.18 00:00:00
1.22229	1.22229	1.22229	1.22221	1.22221	1.22221	2021.05.19 00:00:00
1.2171	1.2171	1.2171	1.21702	1.21702	1.21702	2021.05.20 00:00:00
1.22255	1.22255	1.22255	1.22247	1.22247	1.22247	2021.05.21 00:00:00
1.21852	1.21852	1.21852	1.21756	1.21756	1.21756	2021.05.23 00:00:00
1.2181	1.2181	1.2181	1.21802	1.21802	1.21802	2021.05.24 00:00:00
1.22146	1.22146	1.22146	1.22138	1.22138	1.22138	2021.05.25 00:00:00
1.22475	1.22475	1.22475	1.22467	1.22467	1.22467	2021.05.26 00:00:00
1.21924	1.21924	1.21924	1.21916	1.21916	1.21916	2021.05.27 00:00:00
1.21932	1.21932	1.21932	1.21924	1.21924	1.21924	2021.05.28 00:00:00
1.22049	1.22049	1.22049	1.21949	1.21949	1.21949	2021.05.30 00:00:00
1.219	1.219	1.219	1.21892	1.21892	1.21892	2021.05.31 00:00:00
1.2233	1.2233	1.2233	1.22322	1.22322	1.22322	2021.06.01 00:00:00
1.22179	1.22179	1.22179	1.22171	1.22171	1.22171	2021.06.02 00:00:00
1.22098	1.22098	1.22098	1.2209	1.2209	1.2209	2021.06.03 00:00:00
1.21305	1.21305	1.21305	1.21297	1.21297	1.21297	2021.06.04 00:00:00
1.2169	1.2169	1.2169	1.2159	1.2159	1.2159	2021.06.06 00:00:00
1.21671	1.21671	1.21671	1.21663	1.21663	1.21663	2021.06.07 00:00:00
1.2191	1.2191	1.2191	1.21902	1.21902	1.21902	2021.06.08 00:00:00
1.21729	1.21729	1.21729	1.21721	1.21721	1.21721	2021.06.09 00:00:00
1.21789	1.21789	1.21789	1.21781	1.21781	1.21781	2021.06.10 00:00:00
1.21729	1.21729	1.21729	1.21721	1.21721	1.21721	2021.06.11 00:00:00
1.21127	1.21127	1.21127	1.21027	1.21027	1.21027	2021.06.13 00:00:00
1.21101	1.21101	1.21101	1.21093	1.21093	1.21093	2021.06.14 00:00:00
1.21223	1.21223	1.21223	1.21215	1.21215	1.21215	2021.06.15 00:00:00
1.21251	1.21251	1.21251	1.21243	1.21243	1.21243	2021.06.16 00:00:00
1.19955	1.19955	1.19955	1.19947	1.19947	1.19947	2021.06.17 00:00:00
1.19133	1.19133	1.19133	1.19125	1.19125	1.19125	2021.06.18 00:00:00
1.18641	1.18641	1.18641	1.18541	1.18541	1.18541	2021.06.20 00:00:00
1.1871	1.1871	1.1871	1.18702	1.18702	1.18702	2021.06.21 00:00:00
1.19124	1.19124	1.19124	1.19116	1.19116	1.19116	2021.06.22 00:00:00
1.19368	1.19368	1.19368	1.1936	1.1936	1.1936	2021.06.23 00:00:00
1.193	1.193	1.193	1.19292	1.19292	1.19292	2021.06.24 00:00:00
1.19284	1.19284	1.19284	1.19276	1.19276	1.19276	2021.06.25 00:00:00
1.19411	1.19411	1.19411	1.19311	1.19311	1.19311	2021.06.27 00:00:00
1.1942	1.1942	1.1942	1.19412	1.19412	1.19412	2021.06.28 00:00:00
1.1929	1.1929	1.1929	1.19282	1.19282	1.19282	2021.06.29 00:00:00
1.19008	1.19008	1.19008	1.19	1.19	1.19	2021.06.30 00:00:00
1.18565	1.18565	1.18565	1.18557	1.18557	1.18557	2021.07.01 00:00:00
1.1846	1.1846	1.1846	1.18452	1.18452	1.18452	2021.07.02 00:00:00
1.18685	1.18685	1.18685	1.18585	1.18585	1.18585	2021.07.04 00:00:00
1.18562	1.18562	1.18562	1.18554	1.18554	1.18554	2021.07.05 00:00:00
1.18631	1.18631	1.18631	1.18623	1.18623	1.18623	2021.07.06 00:00:00
1.18228	1.18228	1.18228	1.1822	1.1822	1.1822	2021.07.07 00:00:00
1.17935	1.17935	1.17935	1.17927	1.17927	1.17927	2021.07.08 00:00:00
1.18469	1.18469	1.18469	1.18461	1.18461	1.18461	2021.07.09 00:00:00
1.18819	1.18819	1.18819	1.18719	1.18719	1.18719	2021.07.11 00:00:00
1.18728	1.18728	1.18728	1.1872	1.1872	1.1872	2021.07.12 00:00:00
1.18633	1.18633	1.18633	1.18625	1.18625	1.18625	2021.07.13 00:00:00
1.17753	1.17753	1.17753	1.17745	1.17745	1.17745	2021.07.14 00:00:00
1.18335	1.18335	1.18335	1.18327	1.18327	1.18327	2021.07.15 00:00:00
1.18119	1.18119	1.18119	1.18111	1.18111	1.18111	2021.07.16 00:00:00
1.1814	1.1814	1.1814	1.1804	1.1804	1.1804	2021.07.18 00:00:00
1.18129	1.18129	1.18129	1.18121	1.18121	1.18121	2021.07.19 00:00:00
1.17923	1.17923	1.17923	1.17915	1.17915	1.17915	2021.07.20 00:00:00
1.17818	1.17818	1.17818	1.1781	1.1781	1.1781	2021.07.21 00:00:00
1.17928	1.17928	1.17928	1.1792	1.1792	1.1792	2021.07.22 00:00:00
1.17729	1.17729	1.17729	1.17721	1.17721	1.17721	2021.07.23 00:00:00
1.17787	1.17787	1.17787	1.17687	1.17687	1.17687	2021.07.25 00:00:00
1.17736	1.17736	1.17736	1.17728	1.17728	1.17728	2021.07.26 00:00:00
1.1805	1.1805	1.1805	1.18042	1.18042	1.18042	2021.07.27 00:00:00
